registered_seat_region	pkd2007_section	expected_workers_band	count
02	A	0-9	3611
02	A	10-49	157
02	A	50-249	44
02	A	250=>	2
02	B	0-9	272
02	B	10-49	44
02	B	50-249	22
02	B	250=>	3
02	C	0-9	22209
02	C	10-49	1268
02	C	50-249	357
02	C	250=>	115
02	D	0-9	1124
02	D	10-49	20
02	D	50-249	10
02	D	250=>	4
02	E	0-9	817
02	E	10-49	117
02	E	50-249	57
02	E	250=>	6
02	F	0-9	47925
02	F	10-49	924
02	F	50-249	80
02	F	250=>	10
02	G	0-9	62058
02	G	10-49	1291
02	G	50-249	146
02	G	250=>	23
02	H	0-9	17109
02	H	10-49	344
02	H	50-249	46
02	H	250=>	7
02	I	0-9	11680
02	I	10-49	373
02	I	50-249	25
02	I	250=>	7
02	J	0-9	28356
02	J	10-49	134
02	J	50-249	28
02	J	250=>	5
02	K	0-9	9709
02	K	10-49	67
02	K	50-249	24
02	K	250=>	5
02	L	0-9	48028
02	L	10-49	298
02	L	50-249	64
02	L	250=>	5
02	M	0-9	42316
02	M	10-49	397
02	M	50-249	47
02	M	250=>	11
02	N	0-9	14571
02	N	10-49	247
02	N	50-249	66
02	N	250=>	26
02	O	0-9	1084
02	O	10-49	212
02	O	50-249	168
02	O	250=>	27
02	P	0-9	11649
02	P	10-49	1569
02	P	50-249	485
02	P	250=>	11
02	Q	0-9	24402
02	Q	10-49	522
02	Q	50-249	106
02	Q	250=>	47
02	R	0-9	6674
02	R	10-49	246
02	R	50-249	44
02	R	250=>	4
02	S	0-9	28396
02	S	10-49	199
02	S	50-249	36
02	S	250=>	6
02	U	0-9	14
02	U	10-49	1
02	U	50-249	0
02	U	250=>	0
04	A	0-9	3566
04	A	10-49	125
04	A	50-249	28
04	A	250=>	2
04	B	0-9	137
04	B	10-49	7
04	B	50-249	0
04	B	250=>	1
04	C	0-9	14359
04	C	10-49	1006
04	C	50-249	299
04	C	250=>	69
04	D	0-9	1148
04	D	10-49	20
04	D	50-249	8
04	D	250=>	4
04	E	0-9	576
04	E	10-49	102
04	E	50-249	28
04	E	250=>	3
04	F	0-9	25647
04	F	10-49	528
04	F	50-249	69
04	F	250=>	4
04	G	0-9	35488
04	G	10-49	924
04	G	50-249	114
04	G	250=>	16
04	H	0-9	10866
04	H	10-49	168
04	H	50-249	26
04	H	250=>	6
04	I	0-9	4522
04	I	10-49	193
04	I	50-249	11
04	I	250=>	0
04	J	0-9	7130
04	J	10-49	67
04	J	50-249	7
04	J	250=>	0
04	K	0-9	5327
04	K	10-49	70
04	K	50-249	23
04	K	250=>	4
04	L	0-9	12206
04	L	10-49	173
04	L	50-249	35
04	L	250=>	4
04	M	0-9	17780
04	M	10-49	172
04	M	50-249	25
04	M	250=>	3
04	N	0-9	7146
04	N	10-49	146
04	N	50-249	31
04	N	250=>	10
04	O	0-9	1071
04	O	10-49	209
04	O	50-249	135
04	O	250=>	30
04	P	0-9	5886
04	P	10-49	1152
04	P	50-249	337
04	P	250=>	7
04	Q	0-9	15677
04	Q	10-49	343
04	Q	50-249	80
04	Q	250=>	29
04	R	0-9	4066
04	R	10-49	151
04	R	50-249	25
04	R	250=>	1
04	S	0-9	17134
04	S	10-49	385
04	S	50-249	34
04	S	250=>	5
04	U	0-9	10
04	U	10-49	0
04	U	50-249	0
04	U	250=>	0
06	A	0-9	2991
06	A	10-49	69
06	A	50-249	21
06	A	250=>	1
06	B	0-9	201
06	B	10-49	11
06	B	50-249	2
06	B	250=>	1
06	C	0-9	12044
06	C	10-49	567
06	C	50-249	154
06	C	250=>	31
06	D	0-9	496
06	D	10-49	13
06	D	50-249	10
06	D	250=>	4
06	E	0-9	412
06	E	10-49	79
06	E	50-249	23
06	E	250=>	3
06	F	0-9	25317
06	F	10-49	369
06	F	50-249	48
06	F	250=>	6
06	G	0-9	35314
06	G	10-49	691
06	G	50-249	82
06	G	250=>	4
06	H	0-9	11229
06	H	10-49	163
06	H	50-249	30
06	H	250=>	2
06	I	0-9	4378
06	I	10-49	134
06	I	50-249	11
06	I	250=>	0
06	J	0-9	8345
06	J	10-49	39
06	J	50-249	4
06	J	250=>	1
06	K	0-9	4740
06	K	10-49	42
06	K	50-249	21
06	K	250=>	1
06	L	0-9	7045
06	L	10-49	115
06	L	50-249	34
06	L	250=>	0
06	M	0-9	16852
06	M	10-49	131
06	M	50-249	11
06	M	250=>	6
06	N	0-9	5939
06	N	10-49	73
06	N	50-249	14
06	N	250=>	0
06	O	0-9	2035
06	O	10-49	237
06	O	50-249	137
06	O	250=>	14
06	P	0-9	5728
06	P	10-49	1285
06	P	50-249	323
06	P	250=>	9
06	Q	0-9	14148
06	Q	10-49	396
06	Q	50-249	65
06	Q	250=>	33
06	R	0-9	3393
06	R	10-49	112
06	R	50-249	29
06	R	250=>	0
06	S	0-9	16621
06	S	10-49	143
06	S	50-249	15
06	S	250=>	1
06	U	0-9	8
06	U	10-49	0
06	U	50-249	0
06	U	250=>	0
08	A	0-9	2495
08	A	10-49	97
08	A	50-249	26
08	A	250=>	0
08	B	0-9	85
08	B	10-49	6
08	B	50-249	0
08	B	250=>	0
08	C	0-9	7059
08	C	10-49	477
08	C	50-249	162
08	C	250=>	28
08	D	0-9	512
08	D	10-49	8
08	D	50-249	4
08	D	250=>	0
08	E	0-9	308
08	E	10-49	61
08	E	50-249	19
08	E	250=>	2
08	F	0-9	16687
08	F	10-49	276
08	F	50-249	21
08	F	250=>	1
08	G	0-9	19728
08	G	10-49	450
08	G	50-249	50
08	G	250=>	3
08	H	0-9	6581
08	H	10-49	143
08	H	50-249	18
08	H	250=>	5
08	I	0-9	2927
08	I	10-49	108
08	I	50-249	2
08	I	250=>	2
08	J	0-9	2976
08	J	10-49	20
08	J	50-249	5
08	J	250=>	1
08	K	0-9	2659
08	K	10-49	20
08	K	50-249	10
08	K	250=>	0
08	L	0-9	12878
08	L	10-49	86
08	L	50-249	13
08	L	250=>	4
08	M	0-9	8297
08	M	10-49	81
08	M	50-249	6
08	M	250=>	2
08	N	0-9	3877
08	N	10-49	65
08	N	50-249	15
08	N	250=>	5
08	O	0-9	511
08	O	10-49	105
08	O	50-249	83
08	O	250=>	9
08	P	0-9	2882
08	P	10-49	524
08	P	50-249	171
08	P	250=>	2
08	Q	0-9	6774
08	Q	10-49	174
08	Q	50-249	45
08	Q	250=>	12
08	R	0-9	2003
08	R	10-49	79
08	R	50-249	10
08	R	250=>	0
08	S	0-9	10284
08	S	10-49	74
08	S	50-249	11
08	S	250=>	1
08	U	0-9	2
08	U	10-49	0
08	U	50-249	0
08	U	250=>	0
10	A	0-9	3564
10	A	10-49	61
10	A	50-249	14
10	A	250=>	1
10	B	0-9	216
10	B	10-49	8
10	B	50-249	2
10	B	250=>	0
10	C	0-9	20891
10	C	10-49	1655
10	C	50-249	364
10	C	250=>	74
10	D	0-9	643
10	D	10-49	15
10	D	50-249	13
10	D	250=>	4
10	E	0-9	618
10	E	10-49	71
10	E	50-249	27
10	E	250=>	2
10	F	0-9	28917
10	F	10-49	608
10	F	50-249	66
10	F	250=>	7
10	G	0-9	47561
10	G	10-49	1308
10	G	50-249	128
10	G	250=>	17
10	H	0-9	13189
10	H	10-49	238
10	H	50-249	39
10	H	250=>	5
10	I	0-9	5810
10	I	10-49	263
10	I	50-249	13
10	I	250=>	3
10	J	0-9	12227
10	J	10-49	84
10	J	50-249	9
10	J	250=>	2
10	K	0-9	6177
10	K	10-49	49
10	K	50-249	13
10	K	250=>	4
10	L	0-9	12422
10	L	10-49	238
10	L	50-249	56
10	L	250=>	3
10	M	0-9	24708
10	M	10-49	263
10	M	50-249	24
10	M	250=>	8
10	N	0-9	8631
10	N	10-49	198
10	N	50-249	46
10	N	250=>	17
10	O	0-9	1798
10	O	10-49	196
10	O	50-249	164
10	O	250=>	19
10	P	0-9	7722
10	P	10-49	1434
10	P	50-249	351
10	P	250=>	9
10	Q	0-9	18196
10	Q	10-49	406
10	Q	50-249	82
10	Q	250=>	33
10	R	0-9	4426
10	R	10-49	154
10	R	50-249	31
10	R	250=>	2
10	S	0-9	21632
10	S	10-49	204
10	S	50-249	21
10	S	250=>	2
10	U	0-9	7
10	U	10-49	0
10	U	50-249	0
10	U	250=>	0
12	A	0-9	3585
12	A	10-49	73
12	A	50-249	14
12	A	250=>	1
12	B	0-9	274
12	B	10-49	24
12	B	50-249	11
12	B	250=>	4
12	C	0-9	32063
12	C	10-49	1636
12	C	50-249	383
12	C	250=>	86
12	D	0-9	1009
12	D	10-49	16
12	D	50-249	11
12	D	250=>	4
12	E	0-9	902
12	E	10-49	125
12	E	50-249	42
12	E	250=>	5
12	F	0-9	62820
12	F	10-49	1146
12	F	50-249	119
12	F	250=>	18
12	G	0-9	72621
12	G	10-49	1713
12	G	50-249	233
12	G	250=>	30
12	H	0-9	22115
12	H	10-49	325
12	H	50-249	27
12	H	250=>	5
12	I	0-9	16380
12	I	10-49	542
12	I	50-249	45
12	I	250=>	1
12	J	0-9	32327
12	J	10-49	220
12	J	50-249	38
12	J	250=>	7
12	K	0-9	9418
12	K	10-49	77
12	K	50-249	28
12	K	250=>	4
12	L	0-9	21201
12	L	10-49	359
12	L	50-249	57
12	L	250=>	4
12	M	0-9	47528
12	M	10-49	519
12	M	50-249	51
12	M	250=>	18
12	N	0-9	16924
12	N	10-49	289
12	N	50-249	58
12	N	250=>	20
12	O	0-9	1765
12	O	10-49	205
12	O	50-249	155
12	O	250=>	25
12	P	0-9	14201
12	P	10-49	2225
12	P	50-249	544
12	P	250=>	18
12	Q	0-9	27814
12	Q	10-49	653
12	Q	50-249	124
12	Q	250=>	41
12	R	0-9	7978
12	R	10-49	255
12	R	50-249	58
12	R	250=>	8
12	S	0-9	32339
12	S	10-49	367
12	S	50-249	83
12	S	250=>	11
12	U	0-9	15
12	U	10-49	2
12	U	50-249	1
12	U	250=>	0
14	A	0-9	7704
14	A	10-49	181
14	A	50-249	30
14	A	250=>	1
14	B	0-9	646
14	B	10-49	30
14	B	50-249	6
14	B	250=>	0
14	C	0-9	50891
14	C	10-49	2731
14	C	50-249	589
14	C	250=>	161
14	D	0-9	5799
14	D	10-49	42
14	D	50-249	23
14	D	250=>	11
14	E	0-9	2163
14	E	10-49	196
14	E	50-249	58
14	E	250=>	8
14	F	0-9	94408
14	F	10-49	2261
14	F	50-249	257
14	F	250=>	25
14	G	0-9	162879
14	G	10-49	3717
14	G	50-249	574
14	G	250=>	111
14	H	0-9	45314
14	H	10-49	776
14	H	50-249	129
14	H	250=>	55
14	I	0-9	24213
14	I	10-49	813
14	I	50-249	58
14	I	250=>	18
14	J	0-9	88623
14	J	10-49	779
14	J	50-249	118
14	J	250=>	41
14	K	0-9	25060
14	K	10-49	372
14	K	50-249	205
14	K	250=>	70
14	L	0-9	48350
14	L	10-49	672
14	L	50-249	167
14	L	250=>	25
14	M	0-9	141202
14	M	10-49	1406
14	M	50-249	265
14	M	250=>	75
14	N	0-9	47468
14	N	10-49	890
14	N	50-249	183
14	N	250=>	72
14	O	0-9	2745
14	O	10-49	471
14	O	50-249	261
14	O	250=>	120
14	P	0-9	30813
14	P	10-49	3457
14	P	50-249	1029
14	P	250=>	24
14	Q	0-9	52110
14	Q	10-49	936
14	Q	50-249	174
14	Q	250=>	86
14	R	0-9	14812
14	R	10-49	444
14	R	50-249	112
14	R	250=>	16
14	S	0-9	62013
14	S	10-49	1318
14	S	50-249	261
14	S	250=>	66
14	U	0-9	118
14	U	10-49	39
14	U	50-249	8
14	U	250=>	4
16	A	0-9	2072
16	A	10-49	119
16	A	50-249	22
16	A	250=>	2
16	B	0-9	50
16	B	10-49	6
16	B	50-249	5
16	B	250=>	1
16	C	0-9	7496
16	C	10-49	472
16	C	50-249	125
16	C	250=>	37
16	D	0-9	251
16	D	10-49	6
16	D	50-249	7
16	D	250=>	1
16	E	0-9	198
16	E	10-49	39
16	E	50-249	21
16	E	250=>	1
16	F	0-9	14268
16	F	10-49	257
16	F	50-249	21
16	F	250=>	2
16	G	0-9	18452
16	G	10-49	360
16	G	50-249	43
16	G	250=>	5
16	H	0-9	4685
16	H	10-49	91
16	H	50-249	29
16	H	250=>	1
16	I	0-9	2623
16	I	10-49	98
16	I	50-249	6
16	I	250=>	1
16	J	0-9	3045
16	J	10-49	18
16	J	50-249	3
16	J	250=>	0
16	K	0-9	2739
16	K	10-49	20
16	K	50-249	9
16	K	250=>	0
16	L	0-9	9676
16	L	10-49	54
16	L	50-249	17
16	L	250=>	2
16	M	0-9	8581
16	M	10-49	71
16	M	50-249	10
16	M	250=>	0
16	N	0-9	3428
16	N	10-49	82
16	N	50-249	14
16	N	250=>	2
16	O	0-9	685
16	O	10-49	95
16	O	50-249	82
16	O	250=>	5
16	P	0-9	2737
16	P	10-49	626
16	P	50-249	130
16	P	250=>	3
16	Q	0-9	5725
16	Q	10-49	204
16	Q	50-249	30
16	Q	250=>	13
16	R	0-9	2007
16	R	10-49	102
16	R	50-249	8
16	R	250=>	0
16	S	0-9	7876
16	S	10-49	100
16	S	50-249	12
16	S	250=>	1
16	U	0-9	4
16	U	10-49	1
16	U	50-249	0
16	U	250=>	0
18	A	0-9	2494
18	A	10-49	62
18	A	50-249	27
18	A	250=>	1
18	B	0-9	173
18	B	10-49	15
18	B	50-249	1
18	B	250=>	1
18	C	0-9	15296
18	C	10-49	792
18	C	50-249	244
18	C	250=>	65
18	D	0-9	581
18	D	10-49	12
18	D	50-249	9
18	D	250=>	5
18	E	0-9	323
18	E	10-49	88
18	E	50-249	37
18	E	250=>	3
18	F	0-9	27278
18	F	10-49	396
18	F	50-249	51
18	F	250=>	5
18	G	0-9	33954
18	G	10-49	811
18	G	50-249	132
18	G	250=>	11
18	H	0-9	11044
18	H	10-49	145
18	H	50-249	22
18	H	250=>	8
18	I	0-9	4937
18	I	10-49	165
18	I	50-249	4
18	I	250=>	0
18	J	0-9	8282
18	J	10-49	62
18	J	50-249	4
18	J	250=>	2
18	K	0-9	4084
18	K	10-49	36
18	K	50-249	11
18	K	250=>	0
18	L	0-9	6314
18	L	10-49	111
18	L	50-249	26
18	L	250=>	3
18	M	0-9	17032
18	M	10-49	130
18	M	50-249	22
18	M	250=>	1
18	N	0-9	5586
18	N	10-49	72
18	N	50-249	11
18	N	250=>	10
18	O	0-9	1581
18	O	10-49	180
18	O	50-249	138
18	O	250=>	14
18	P	0-9	5539
18	P	10-49	1344
18	P	50-249	309
18	P	250=>	5
18	Q	0-9	12394
18	Q	10-49	359
18	Q	50-249	69
18	Q	250=>	31
18	R	0-9	3931
18	R	10-49	147
18	R	50-249	23
18	R	250=>	0
18	S	0-9	15549
18	S	10-49	117
18	S	50-249	20
18	S	250=>	5
18	U	0-9	6
18	U	10-49	1
18	U	50-249	0
18	U	250=>	0
20	A	0-9	2177
20	A	10-49	40
20	A	50-249	18
20	A	250=>	0
20	B	0-9	105
20	B	10-49	4
20	B	50-249	2
20	B	250=>	1
20	C	0-9	7172
20	C	10-49	368
20	C	50-249	104
20	C	250=>	28
20	D	0-9	335
20	D	10-49	8
20	D	50-249	7
20	D	250=>	3
20	E	0-9	228
20	E	10-49	36
20	E	50-249	13
20	E	250=>	1
20	F	0-9	14911
20	F	10-49	219
20	F	50-249	32
20	F	250=>	3
20	G	0-9	19142
20	G	10-49	450
20	G	50-249	67
20	G	250=>	5
20	H	0-9	6603
20	H	10-49	113
20	H	50-249	7
20	H	250=>	4
20	I	0-9	2502
20	I	10-49	132
20	I	50-249	12
20	I	250=>	0
20	J	0-9	5640
20	J	10-49	24
20	J	50-249	5
20	J	250=>	0
20	K	0-9	2758
20	K	10-49	27
20	K	50-249	14
20	K	250=>	0
20	L	0-9	4189
20	L	10-49	87
20	L	50-249	15
20	L	250=>	1
20	M	0-9	10262
20	M	10-49	84
20	M	50-249	7
20	M	250=>	0
20	N	0-9	3224
20	N	10-49	42
20	N	50-249	9
20	N	250=>	0
20	O	0-9	858
20	O	10-49	169
20	O	50-249	77
20	O	250=>	10
20	P	0-9	3085
20	P	10-49	549
20	P	50-249	217
20	P	250=>	5
20	Q	0-9	8544
20	Q	10-49	191
20	Q	50-249	36
20	Q	250=>	22
20	R	0-9	1924
20	R	10-49	78
20	R	50-249	12
20	R	250=>	0
20	S	0-9	9417
20	S	10-49	76
20	S	50-249	16
20	S	250=>	0
20	U	0-9	8
20	U	10-49	0
20	U	50-249	0
20	U	250=>	0
22	A	0-9	3331
22	A	10-49	131
22	A	50-249	33
22	A	250=>	1
22	B	0-9	242
22	B	10-49	19
22	B	50-249	2
22	B	250=>	2
22	C	0-9	24474
22	C	10-49	1215
22	C	50-249	330
22	C	250=>	63
22	D	0-9	939
22	D	10-49	15
22	D	50-249	11
22	D	250=>	2
22	E	0-9	545
22	E	10-49	91
22	E	50-249	29
22	E	250=>	7
22	F	0-9	41674
22	F	10-49	855
22	F	50-249	69
22	F	250=>	10
22	G	0-9	44465
22	G	10-49	1078
22	G	50-249	124
22	G	250=>	15
22	H	0-9	16246
22	H	10-49	300
22	H	50-249	54
22	H	250=>	18
22	I	0-9	14182
22	I	10-49	350
22	I	50-249	20
22	I	250=>	1
22	J	0-9	18111
22	J	10-49	104
22	J	50-249	20
22	J	250=>	7
22	K	0-9	7523
22	K	10-49	45
22	K	50-249	31
22	K	250=>	5
22	L	0-9	26254
22	L	10-49	230
22	L	50-249	48
22	L	250=>	5
22	M	0-9	34539
22	M	10-49	314
22	M	50-249	36
22	M	250=>	6
22	N	0-9	12110
22	N	10-49	217
22	N	50-249	62
22	N	250=>	8
22	O	0-9	975
22	O	10-49	157
22	O	50-249	136
22	O	250=>	31
22	P	0-9	9657
22	P	10-49	1300
22	P	50-249	430
22	P	250=>	9
22	Q	0-9	20889
22	Q	10-49	379
22	Q	50-249	103
22	Q	250=>	26
22	R	0-9	5093
22	R	10-49	151
22	R	50-249	29
22	R	250=>	1
22	S	0-9	20847
22	S	10-49	211
22	S	50-249	34
22	S	250=>	3
22	U	0-9	16
22	U	10-49	1
22	U	50-249	0
22	U	250=>	0
24	A	0-9	4800
24	A	10-49	103
24	A	50-249	31
24	A	250=>	1
24	B	0-9	370
24	B	10-49	52
24	B	50-249	30
24	B	250=>	11
24	C	0-9	35098
24	C	10-49	2573
24	C	50-249	603
24	C	250=>	176
24	D	0-9	1152
24	D	10-49	19
24	D	50-249	27
24	D	250=>	8
24	E	0-9	1265
24	E	10-49	177
24	E	50-249	74
24	E	250=>	18
24	F	0-9	55387
24	F	10-49	1581
24	F	50-249	168
24	F	250=>	20
24	G	0-9	88989
24	G	10-49	2511
24	G	50-249	280
24	G	250=>	19
24	H	0-9	23522
24	H	10-49	658
24	H	50-249	77
24	H	250=>	24
24	I	0-9	12955
24	I	10-49	596
24	I	50-249	35
24	I	250=>	5
24	J	0-9	23197
24	J	10-49	240
24	J	50-249	30
24	J	250=>	5
24	K	0-9	12593
24	K	10-49	112
24	K	50-249	31
24	K	250=>	3
24	L	0-9	32221
24	L	10-49	421
24	L	50-249	112
24	L	250=>	15
24	M	0-9	47981
24	M	10-49	709
24	M	50-249	78
24	M	250=>	14
24	N	0-9	16655
24	N	10-49	471
24	N	50-249	120
24	N	250=>	25
24	O	0-9	1396
24	O	10-49	186
24	O	50-249	204
24	O	250=>	41
24	P	0-9	15388
24	P	10-49	2449
24	P	50-249	812
24	P	250=>	14
24	Q	0-9	32341
24	Q	10-49	937
24	Q	50-249	174
24	Q	250=>	64
24	R	0-9	8474
24	R	10-49	335
24	R	50-249	91
24	R	250=>	4
24	S	0-9	34771
24	S	10-49	365
24	S	50-249	63
24	S	250=>	14
24	U	0-9	11
24	U	10-49	3
24	U	50-249	0
24	U	250=>	0
26	A	0-9	1430
26	A	10-49	36
26	A	50-249	8
26	A	250=>	0
26	B	0-9	105
26	B	10-49	20
26	B	50-249	9
26	B	250=>	2
26	C	0-9	9021
26	C	10-49	504
26	C	50-249	106
26	C	250=>	40
26	D	0-9	474
26	D	10-49	8
26	D	50-249	9
26	D	250=>	2
26	E	0-9	549
26	E	10-49	58
26	E	50-249	21
26	E	250=>	3
26	F	0-9	16279
26	F	10-49	322
26	F	50-249	41
26	F	250=>	2
26	G	0-9	25351
26	G	10-49	485
26	G	50-249	59
26	G	250=>	10
26	H	0-9	6551
26	H	10-49	83
26	H	50-249	16
26	H	250=>	3
26	I	0-9	2944
26	I	10-49	93
26	I	50-249	9
26	I	250=>	1
26	J	0-9	3313
26	J	10-49	27
26	J	50-249	3
26	J	250=>	0
26	K	0-9	2839
26	K	10-49	26
26	K	50-249	8
26	K	250=>	0
26	L	0-9	4101
26	L	10-49	78
26	L	50-249	14
26	L	250=>	1
26	M	0-9	9309
26	M	10-49	114
26	M	50-249	7
26	M	250=>	0
26	N	0-9	2934
26	N	10-49	86
26	N	50-249	18
26	N	250=>	3
26	O	0-9	1060
26	O	10-49	120
26	O	50-249	91
26	O	250=>	6
26	P	0-9	2926
26	P	10-49	765
26	P	50-249	173
26	P	250=>	6
26	Q	0-9	6715
26	Q	10-49	275
26	Q	50-249	61
26	Q	250=>	21
26	R	0-9	1789
26	R	10-49	90
26	R	50-249	15
26	R	250=>	0
26	S	0-9	10050
26	S	10-49	82
26	S	50-249	13
26	S	250=>	2
26	U	0-9	4
26	U	10-49	1
26	U	50-249	0
26	U	250=>	0
28	A	0-9	3616
28	A	10-49	130
28	A	50-249	46
28	A	250=>	0
28	B	0-9	100
28	B	10-49	6
28	B	50-249	2
28	B	250=>	0
28	C	0-9	8284
28	C	10-49	529
28	C	50-249	187
28	C	250=>	32
28	D	0-9	415
28	D	10-49	20
28	D	50-249	11
28	D	250=>	2
28	E	0-9	288
28	E	10-49	85
28	E	50-249	24
28	E	250=>	2
28	F	0-9	16223
28	F	10-49	291
28	F	50-249	43
28	F	250=>	3
28	G	0-9	19349
28	G	10-49	506
28	G	50-249	65
28	G	250=>	2
28	H	0-9	6043
28	H	10-49	99
28	H	50-249	14
28	H	250=>	3
28	I	0-9	3829
28	I	10-49	152
28	I	50-249	14
28	I	250=>	0
28	J	0-9	3822
28	J	10-49	17
28	J	50-249	4
28	J	250=>	1
28	K	0-9	3272
28	K	10-49	21
28	K	50-249	11
28	K	250=>	1
28	L	0-9	13108
28	L	10-49	115
28	L	50-249	26
28	L	250=>	0
28	M	0-9	10472
28	M	10-49	89
28	M	50-249	12
28	M	250=>	2
28	N	0-9	3982
28	N	10-49	78
28	N	50-249	16
28	N	250=>	4
28	O	0-9	827
28	O	10-49	156
28	O	50-249	99
28	O	250=>	20
28	P	0-9	3905
28	P	10-49	787
28	P	50-249	202
28	P	250=>	3
28	Q	0-9	9487
28	Q	10-49	252
28	Q	50-249	62
28	Q	250=>	19
28	R	0-9	2470
28	R	10-49	103
28	R	50-249	15
28	R	250=>	0
28	S	0-9	12580
28	S	10-49	108
28	S	50-249	18
28	S	250=>	0
30	A	0-9	9379
30	A	10-49	345
30	A	50-249	87
30	A	250=>	4
30	B	0-9	346
30	B	10-49	20
30	B	50-249	2
30	B	250=>	3
30	C	0-9	33618
30	C	10-49	2229
30	C	50-249	651
30	C	250=>	153
30	D	0-9	1720
30	D	10-49	35
30	D	50-249	9
30	D	250=>	5
30	E	0-9	1074
30	E	10-49	173
30	E	50-249	66
30	E	250=>	4
30	F	0-9	64270
30	F	10-49	1207
30	F	50-249	119
30	F	250=>	11
30	G	0-9	80366
30	G	10-49	2115
30	G	50-249	269
30	G	250=>	55
30	H	0-9	23456
30	H	10-49	521
30	H	50-249	70
30	H	250=>	13
30	I	0-9	10517
30	I	10-49	397
30	I	50-249	32
30	I	250=>	2
30	J	0-9	21503
30	J	10-49	183
30	J	50-249	38
30	J	250=>	2
30	K	0-9	10943
30	K	10-49	95
30	K	50-249	35
30	K	250=>	5
30	L	0-9	23696
30	L	10-49	322
30	L	50-249	59
30	L	250=>	11
30	M	0-9	48395
30	M	10-49	528
30	M	50-249	46
30	M	250=>	5
30	N	0-9	18172
30	N	10-49	375
30	N	50-249	70
30	N	250=>	12
30	O	0-9	2035
30	O	10-49	451
30	O	50-249	189
30	O	250=>	25
30	P	0-9	13656
30	P	10-49	2222
30	P	50-249	570
30	P	250=>	17
30	Q	0-9	28570
30	Q	10-49	575
30	Q	50-249	98
30	Q	250=>	40
30	R	0-9	7565
30	R	10-49	286
30	R	50-249	47
30	R	250=>	2
30	S	0-9	34058
30	S	10-49	405
30	S	50-249	65
30	S	250=>	8
30	U	0-9	13
30	U	10-49	1
30	U	50-249	0
30	U	250=>	0
32	A	0-9	4281
32	A	10-49	169
32	A	50-249	49
32	A	250=>	1
32	B	0-9	84
32	B	10-49	9
32	B	50-249	2
32	B	250=>	0
32	C	0-9	14179
32	C	10-49	786
32	C	50-249	175
32	C	250=>	32
32	D	0-9	857
32	D	10-49	19
32	D	50-249	8
32	D	250=>	1
32	E	0-9	417
32	E	10-49	64
32	E	50-249	35
32	E	250=>	3
32	F	0-9	28716
32	F	10-49	471
32	F	50-249	44
32	F	250=>	1
32	G	0-9	34197
32	G	10-49	685
32	G	50-249	53
32	G	250=>	6
32	H	0-9	11488
32	H	10-49	196
32	H	50-249	43
32	H	250=>	10
32	I	0-9	10673
32	I	10-49	289
32	I	50-249	21
32	I	250=>	3
32	J	0-9	6876
32	J	10-49	58
32	J	50-249	13
32	J	250=>	2
32	K	0-9	5067
32	K	10-49	28
32	K	50-249	11
32	K	250=>	0
32	L	0-9	19538
32	L	10-49	200
32	L	50-249	38
32	L	250=>	1
32	M	0-9	17766
32	M	10-49	206
32	M	50-249	19
32	M	250=>	0
32	N	0-9	7643
32	N	10-49	140
32	N	50-249	26
32	N	250=>	5
32	O	0-9	710
32	O	10-49	169
32	O	50-249	139
32	O	250=>	29
32	P	0-9	5319
32	P	10-49	951
32	P	50-249	253
32	P	250=>	7
32	Q	0-9	15209
32	Q	10-49	282
32	Q	50-249	74
32	Q	250=>	17
32	R	0-9	3736
32	R	10-49	124
32	R	50-249	23
32	R	250=>	2
32	S	0-9	16413
32	S	10-49	156
32	S	50-249	19
32	S	250=>	0
32	U	0-9	5
32	U	10-49	3
32	U	50-249	1
32	U	250=>	0
