region	size	composition	count
Dolnośląskie	1	one_person	64026
Dolnośląskie	1	couple_with_dependent_children	155948
Dolnośląskie	1	other_multi_person	37233
Dolnośląskie	2	one_person	70982
Dolnośląskie	2	couple_with_dependent_children	172889
Dolnośląskie	2	other_multi_person	41278
Dolnośląskie	3	one_person	50813
Dolnośląskie	3	couple_with_dependent_children	123765
Dolnośląskie	3	other_multi_person	29549
Dolnośląskie	4	one_person	38858
Dolnośląskie	4	couple_with_dependent_children	94645
Dolnośląskie	4	other_multi_person	22597
Dolnośląskie	5	one_person	32528
Dolnośląskie	5	couple_with_dependent_children	79227
Dolnośląskie	5	other_multi_person	18915
Kujawsko-pomorskie	1	one_person	29171
Kujawsko-pomorskie	1	couple_with_dependent_children	87202
Kujawsko-pomorskie	1	other_multi_person	22058
Kujawsko-pomorskie	2	one_person	35347
Kujawsko-pomorskie	2	couple_with_dependent_children	105667
Kujawsko-pomorskie	2	other_multi_person	26729
Kujawsko-pomorskie	3	one_person	27439
Kujawsko-pomorskie	3	couple_with_dependent_children	82026
Kujawsko-pomorskie	3	other_multi_person	20748
Kujawsko-pomorskie	4	one_person	22614
Kujawsko-pomorskie	4	couple_with_dependent_children	67603
Kujawsko-pomorskie	4	other_multi_person	17101
Kujawsko-pomorskie	5	one_person	23860
Kujawsko-pomorskie	5	couple_with_dependent_children	71327
Kujawsko-pomorskie	5	other_multi_person	18042
Lubelskie	1	one_person	27948
Lubelskie	1	couple_with_dependent_children	83939
Lubelskie	1	other_multi_person	22249
Lubelskie	2	one_person	31628
Lubelskie	2	couple_with_dependent_children	94992
Lubelskie	2	other_multi_person	25179
Lubelskie	3	one_person	24942
Lubelskie	3	couple_with_dependent_children	74911
Lubelskie	3	other_multi_person	19856
Lubelskie	4	one_person	22512
Lubelskie	4	couple_with_dependent_children	67613
Lubelskie	4	other_multi_person	17922
Lubelskie	5	one_person	27107
Lubelskie	5	couple_with_dependent_children	81415
Lubelskie	5	other_multi_person	21580
Lubuskie	1	one_person	15876
Lubuskie	1	couple_with_dependent_children	46194
Lubuskie	1	other_multi_person	10623
Lubuskie	2	one_person	18936
Lubuskie	2	couple_with_dependent_children	55097
Lubuskie	2	other_multi_person	12670
Lubuskie	3	one_person	14600
Lubuskie	3	couple_with_dependent_children	42480
Lubuskie	3	other_multi_person	9769
Lubuskie	4	one_person	12163
Lubuskie	4	couple_with_dependent_children	35390
Lubuskie	4	other_multi_person	8139
Lubuskie	5	one_person	11119
Lubuskie	5	couple_with_dependent_children	32351
Lubuskie	5	other_multi_person	7440
Mazowieckie	1	one_person	127902
Mazowieckie	1	couple_with_dependent_children	293735
Mazowieckie	1	other_multi_person	72801
Mazowieckie	2	one_person	126653
Mazowieckie	2	couple_with_dependent_children	290866
Mazowieckie	2	other_multi_person	72090
Mazowieckie	3	one_person	89836
Mazowieckie	3	couple_with_dependent_children	206312
Mazowieckie	3	other_multi_person	51134
Mazowieckie	4	one_person	78120
Mazowieckie	4	couple_with_dependent_children	179408
Mazowieckie	4	other_multi_person	44466
Mazowieckie	5	one_person	71927
Mazowieckie	5	couple_with_dependent_children	165184
Mazowieckie	5	other_multi_person	40940
Małopolskie	1	one_person	43074
Małopolskie	1	couple_with_dependent_children	125815
Małopolskie	1	other_multi_person	41313
Małopolskie	2	one_person	45631
Małopolskie	2	couple_with_dependent_children	133283
Małopolskie	2	other_multi_person	43765
Małopolskie	3	one_person	37307
Małopolskie	3	couple_with_dependent_children	108970
Małopolskie	3	other_multi_person	35782
Małopolskie	4	one_person	36110
Małopolskie	4	couple_with_dependent_children	105474
Małopolskie	4	other_multi_person	34634
Małopolskie	5	one_person	48080
Małopolskie	5	couple_with_dependent_children	140439
Małopolskie	5	other_multi_person	46115
Opolskie	1	one_person	14223
Opolskie	1	couple_with_dependent_children	41342
Opolskie	1	other_multi_person	10826
Opolskie	2	one_person	16397
Opolskie	2	couple_with_dependent_children	47658
Opolskie	2	other_multi_person	12480
Opolskie	3	one_person	12920
Opolskie	3	couple_with_dependent_children	37553
Opolskie	3	other_multi_person	9834
Opolskie	4	one_person	10987
Opolskie	4	couple_with_dependent_children	31933
Opolskie	4	other_multi_person	8362
Opolskie	5	one_person	11865
Opolskie	5	couple_with_dependent_children	34486
Opolskie	5	other_multi_person	9031
Podkarpackie	1	one_person	17294
Podkarpackie	1	couple_with_dependent_children	64894
Podkarpackie	1	other_multi_person	19660
Podkarpackie	2	one_person	20666
Podkarpackie	2	couple_with_dependent_children	77544
Podkarpackie	2	other_multi_person	23493
Podkarpackie	3	one_person	18882
Podkarpackie	3	couple_with_dependent_children	70850
Podkarpackie	3	other_multi_person	21465
Podkarpackie	4	one_person	19146
Podkarpackie	4	couple_with_dependent_children	71843
Podkarpackie	4	other_multi_person	21766
Podkarpackie	5	one_person	25859
Podkarpackie	5	couple_with_dependent_children	97033
Podkarpackie	5	other_multi_person	29397
Podlaskie	1	one_person	18232
Podlaskie	1	couple_with_dependent_children	51465
Podlaskie	1	other_multi_person	12633
Podlaskie	2	one_person	19600
Podlaskie	2	couple_with_dependent_children	55326
Podlaskie	2	other_multi_person	13581
Podlaskie	3	one_person	15394
Podlaskie	3	couple_with_dependent_children	43452
Podlaskie	3	other_multi_person	10666
Podlaskie	4	one_person	13729
Podlaskie	4	couple_with_dependent_children	38753
Podlaskie	4	other_multi_person	9513
Podlaskie	5	one_person	15375
Podlaskie	5	couple_with_dependent_children	43401
Podlaskie	5	other_multi_person	10653
Pomorskie	1	one_person	38498
Pomorskie	1	couple_with_dependent_children	106652
Pomorskie	1	other_multi_person	27201
Pomorskie	2	one_person	44245
Pomorskie	2	couple_with_dependent_children	122576
Pomorskie	2	other_multi_person	31263
Pomorskie	3	one_person	32842
Pomorskie	3	couple_with_dependent_children	90985
Pomorskie	3	other_multi_person	23205
Pomorskie	4	one_person	28247
Pomorskie	4	couple_with_dependent_children	78254
Pomorskie	4	other_multi_person	19958
Pomorskie	5	one_person	28519
Pomorskie	5	couple_with_dependent_children	79007
Pomorskie	5	other_multi_person	20150
Warmińsko-mazurskie	1	one_person	20986
Warmińsko-mazurskie	1	couple_with_dependent_children	61805
Warmińsko-mazurskie	1	other_multi_person	14589
Warmińsko-mazurskie	2	one_person	24813
Warmińsko-mazurskie	2	couple_with_dependent_children	73074
Warmińsko-mazurskie	2	other_multi_person	17249
Warmińsko-mazurskie	3	one_person	19256
Warmińsko-mazurskie	3	couple_with_dependent_children	56708
Warmińsko-mazurskie	3	other_multi_person	13386
Warmińsko-mazurskie	4	one_person	16028
Warmińsko-mazurskie	4	couple_with_dependent_children	47204
Warmińsko-mazurskie	4	other_multi_person	11143
Warmińsko-mazurskie	5	one_person	16297
Warmińsko-mazurskie	5	couple_with_dependent_children	47994
Warmińsko-mazurskie	5	other_multi_person	11329
Wielkopolskie	1	one_person	42449
Wielkopolskie	1	couple_with_dependent_children	136123
Wielkopolskie	1	other_multi_person	37131
Wielkopolskie	2	one_person	51444
Wielkopolskie	2	couple_with_dependent_children	164969
Wielkopolskie	2	other_multi_person	44999
Wielkopolskie	3	one_person	41814
Wielkopolskie	3	couple_with_dependent_children	134088
Wielkopolskie	3	other_multi_person	36575
Wielkopolskie	4	one_person	38534
Wielkopolskie	4	couple_with_dependent_children	123568
Wielkopolskie	4	other_multi_person	33706
Wielkopolskie	5	one_person	41462
Wielkopolskie	5	couple_with_dependent_children	132956
Wielkopolskie	5	other_multi_person	36267
Zachodniopomorskie	1	one_person	30758
Zachodniopomorskie	1	couple_with_dependent_children	83093
Zachodniopomorskie	1	other_multi_person	18873
Zachodniopomorskie	2	one_person	36014
Zachodniopomorskie	2	couple_with_dependent_children	97292
Zachodniopomorskie	2	other_multi_person	22098
Zachodniopomorskie	3	one_person	26829
Zachodniopomorskie	3	couple_with_dependent_children	72478
Zachodniopomorskie	3	other_multi_person	16462
Zachodniopomorskie	4	one_person	20841
Zachodniopomorskie	4	couple_with_dependent_children	56302
Zachodniopomorskie	4	other_multi_person	12787
Zachodniopomorskie	5	one_person	18282
Zachodniopomorskie	5	couple_with_dependent_children	49389
Zachodniopomorskie	5	other_multi_person	11218
Łódzkie	1	one_person	54234
Łódzkie	1	couple_with_dependent_children	128874
Łódzkie	1	other_multi_person	30683
Łódzkie	2	one_person	56372
Łódzkie	2	couple_with_dependent_children	133954
Łódzkie	2	other_multi_person	31893
Łódzkie	3	one_person	40195
Łódzkie	3	couple_with_dependent_children	95512
Łódzkie	3	other_multi_person	22740
Łódzkie	4	one_person	31844
Łódzkie	4	couple_with_dependent_children	75668
Łódzkie	4	other_multi_person	18016
Łódzkie	5	one_person	31147
Łódzkie	5	couple_with_dependent_children	74012
Łódzkie	5	other_multi_person	17621
Śląskie	1	one_person	84862
Śląskie	1	couple_with_dependent_children	223580
Śląskie	1	other_multi_person	51321
Śląskie	2	one_person	95992
Śląskie	2	couple_with_dependent_children	252906
Śląskie	2	other_multi_person	58053
Śląskie	3	one_person	70454
Śląskie	3	couple_with_dependent_children	185622
Śląskie	3	other_multi_person	42608
Śląskie	4	one_person	56055
Śląskie	4	couple_with_dependent_children	147686
Śląskie	4	other_multi_person	33900
Śląskie	5	one_person	52399
Śląskie	5	couple_with_dependent_children	138052
Śląskie	5	other_multi_person	31689
Świętokrzyskie	1	one_person	15239
Świętokrzyskie	1	couple_with_dependent_children	46455
Świętokrzyskie	1	other_multi_person	13476
Świętokrzyskie	2	one_person	17647
Świętokrzyskie	2	couple_with_dependent_children	53798
Świętokrzyskie	2	other_multi_person	15606
Świętokrzyskie	3	one_person	14164
Świętokrzyskie	3	couple_with_dependent_children	43179
Świętokrzyskie	3	other_multi_person	12525
Świętokrzyskie	4	one_person	12644
Świętokrzyskie	4	couple_with_dependent_children	38544
Świętokrzyskie	4	other_multi_person	11181
Świętokrzyskie	5	one_person	15476
Świętokrzyskie	5	couple_with_dependent_children	47177
Świętokrzyskie	5	other_multi_person	13685
