region	sex	age_label	count
Dolnośląskie	male	0	8724
Dolnośląskie	female	0	8390
Dolnośląskie	male	1	9375
Dolnośląskie	female	1	8748
Dolnośląskie	male	2	9952
Dolnośląskie	female	2	9680
Dolnośląskie	male	3	11805
Dolnośląskie	female	3	11051
Dolnośląskie	male	4	12844
Dolnośląskie	female	4	11971
Dolnośląskie	male	5	12820
Dolnośląskie	female	5	12331
Dolnośląskie	male	6	14014
Dolnośląskie	female	6	13039
Dolnośląskie	male	7	14455
Dolnośląskie	female	7	13835
Dolnośląskie	male	8	15168
Dolnośląskie	female	8	14581
Dolnośląskie	male	9	15080
Dolnośląskie	female	9	14166
Dolnośląskie	male	10	14525
Dolnośląskie	female	10	13835
Dolnośląskie	male	11	14664
Dolnośląskie	female	11	14123
Dolnośląskie	male	12	14048
Dolnośląskie	female	12	13343
Dolnośląskie	male	13	14846
Dolnośląskie	female	13	14011
Dolnośląskie	male	14	14996
Dolnośląskie	female	14	14093
Dolnośląskie	male	15	15882
Dolnośląskie	female	15	15008
Dolnośląskie	male	16	15709
Dolnośląskie	female	16	15185
Dolnośląskie	male	17	15740
Dolnośląskie	female	17	15036
Dolnośląskie	male	18	14534
Dolnośląskie	female	18	13960
Dolnośląskie	male	19	13683
Dolnośląskie	female	19	13199
Dolnośląskie	male	20	12992
Dolnośląskie	female	20	12441
Dolnośląskie	male	21	12326
Dolnośląskie	female	21	11894
Dolnośląskie	male	22	11815
Dolnośląskie	female	22	11253
Dolnośląskie	male	23	12174
Dolnośląskie	female	23	11529
Dolnośląskie	male	24	12627
Dolnośląskie	female	24	12509
Dolnośląskie	male	25	12980
Dolnośląskie	female	25	13048
Dolnośląskie	male	26	13443
Dolnośląskie	female	26	13340
Dolnośląskie	male	27	14405
Dolnośląskie	female	27	14179
Dolnośląskie	male	28	15573
Dolnośląskie	female	28	15716
Dolnośląskie	male	29	16653
Dolnośląskie	female	29	16567
Dolnośląskie	male	30	17481
Dolnośląskie	female	30	17417
Dolnośląskie	male	31	18146
Dolnośląskie	female	31	18687
Dolnośląskie	male	32	19099
Dolnośląskie	female	32	18867
Dolnośląskie	male	33	19643
Dolnośląskie	female	33	19352
Dolnośląskie	male	34	21032
Dolnośląskie	female	34	20802
Dolnośląskie	male	35	21703
Dolnośląskie	female	35	21231
Dolnośląskie	male	36	21699
Dolnośląskie	female	36	21470
Dolnośląskie	male	37	22287
Dolnośląskie	female	37	21632
Dolnośląskie	male	38	22883
Dolnośląskie	female	38	22316
Dolnośląskie	male	39	23433
Dolnośląskie	female	39	23485
Dolnośląskie	male	40	25596
Dolnośląskie	female	40	25048
Dolnośląskie	male	41	26429
Dolnośląskie	female	41	25878
Dolnośląskie	male	42	27404
Dolnośląskie	female	42	26602
Dolnośląskie	male	43	25993
Dolnośląskie	female	43	25299
Dolnośląskie	male	44	25004
Dolnośląskie	female	44	24993
Dolnośląskie	male	45	25487
Dolnośląskie	female	45	25023
Dolnośląskie	male	46	24781
Dolnośląskie	female	46	24285
Dolnośląskie	male	47	23834
Dolnośląskie	female	47	23712
Dolnośląskie	male	48	23711
Dolnośląskie	female	48	23179
Dolnośląskie	male	49	23412
Dolnośląskie	female	49	22996
Dolnośląskie	male	50	22462
Dolnośląskie	female	50	22393
Dolnośląskie	male	51	21105
Dolnośląskie	female	51	21150
Dolnośląskie	male	52	20059
Dolnośląskie	female	52	20004
Dolnośląskie	male	53	19005
Dolnośląskie	female	53	18795
Dolnośląskie	male	54	17808
Dolnośląskie	female	54	18025
Dolnośląskie	male	55	16667
Dolnośląskie	female	55	16912
Dolnośląskie	male	56	15809
Dolnośląskie	female	56	16214
Dolnośląskie	male	57	14979
Dolnośląskie	female	57	15525
Dolnośląskie	male	58	14599
Dolnośląskie	female	58	15207
Dolnośląskie	male	59	14778
Dolnośląskie	female	59	15601
Dolnośląskie	male	60	14792
Dolnośląskie	female	60	16054
Dolnośląskie	male	61	14837
Dolnośląskie	female	61	16399
Dolnośląskie	male	62	14989
Dolnośląskie	female	62	16805
Dolnośląskie	male	63	15051
Dolnośląskie	female	63	17242
Dolnośląskie	male	64	16050
Dolnośląskie	female	64	18427
Dolnośląskie	male	65	16420
Dolnośląskie	female	65	19672
Dolnośląskie	male	66	17376
Dolnośląskie	female	66	20949
Dolnośląskie	male	67	18069
Dolnośląskie	female	67	21882
Dolnośląskie	male	68	17758
Dolnośląskie	female	68	22148
Dolnośląskie	male	69	17311
Dolnośląskie	female	69	22256
Dolnośląskie	male	70	17233
Dolnośląskie	female	70	22541
Dolnośląskie	male	71	15840
Dolnośląskie	female	71	21405
Dolnośląskie	male	72	15504
Dolnośląskie	female	72	20925
Dolnośląskie	male	73	14881
Dolnośląskie	female	73	21104
Dolnośląskie	male	74	13949
Dolnośląskie	female	74	20485
Dolnośląskie	male	75	12764
Dolnośląskie	female	75	18772
Dolnośląskie	male	76	11751
Dolnośląskie	female	76	17566
Dolnośląskie	male	77	10905
Dolnośląskie	female	77	16445
Dolnośląskie	male	78	9264
Dolnośląskie	female	78	14389
Dolnośląskie	male	79	7405
Dolnośląskie	female	79	11771
Dolnośląskie	male	80	4513
Dolnośląskie	female	80	7732
Dolnośląskie	male	81	4197
Dolnośląskie	female	81	7418
Dolnośląskie	male	82	3641
Dolnośląskie	female	82	6745
Dolnośląskie	male	83	3266
Dolnośląskie	female	83	6476
Dolnośląskie	male	84	3158
Dolnośląskie	female	84	6773
Dolnośląskie	male	85	2989
Dolnośląskie	female	85	6882
Dolnośląskie	male	86	2567
Dolnośląskie	female	86	6413
Dolnośląskie	male	87	2262
Dolnośląskie	female	87	5782
Dolnośląskie	male	88	2002
Dolnośląskie	female	88	5420
Dolnośląskie	male	89	1726
Dolnośląskie	female	89	4857
Dolnośląskie	male	90	1462
Dolnośląskie	female	90	4118
Dolnośląskie	male	91	1087
Dolnośląskie	female	91	3424
Dolnośląskie	male	92	894
Dolnośląskie	female	92	2721
Dolnośląskie	male	93	762
Dolnośląskie	female	93	2313
Dolnośląskie	male	94	528
Dolnośląskie	female	94	1732
Dolnośląskie	male	95	398
Dolnośląskie	female	95	1367
Dolnośląskie	male	96	218
Dolnośląskie	female	96	941
Dolnośląskie	male	97	189
Dolnośląskie	female	97	715
Dolnośląskie	male	98	119
Dolnośląskie	female	98	522
Dolnośląskie	male	99	69
Dolnośląskie	female	99	337
Kujawsko-pomorskie	male	0	5747
Kujawsko-pomorskie	female	0	5399
Kujawsko-pomorskie	male	1	6229
Kujawsko-pomorskie	female	1	5790
Kujawsko-pomorskie	male	2	6775
Kujawsko-pomorskie	female	2	6649
Kujawsko-pomorskie	male	3	7749
Kujawsko-pomorskie	female	3	7243
Kujawsko-pomorskie	male	4	8686
Kujawsko-pomorskie	female	4	8104
Kujawsko-pomorskie	male	5	9256
Kujawsko-pomorskie	female	5	8800
Kujawsko-pomorskie	male	6	10053
Kujawsko-pomorskie	female	6	9364
Kujawsko-pomorskie	male	7	10522
Kujawsko-pomorskie	female	7	9802
Kujawsko-pomorskie	male	8	11103
Kujawsko-pomorskie	female	8	10194
Kujawsko-pomorskie	male	9	10521
Kujawsko-pomorskie	female	9	10050
Kujawsko-pomorskie	male	10	10277
Kujawsko-pomorskie	female	10	9787
Kujawsko-pomorskie	male	11	10540
Kujawsko-pomorskie	female	11	10016
Kujawsko-pomorskie	male	12	10490
Kujawsko-pomorskie	female	12	9980
Kujawsko-pomorskie	male	13	11056
Kujawsko-pomorskie	female	13	10396
Kujawsko-pomorskie	male	14	11041
Kujawsko-pomorskie	female	14	10387
Kujawsko-pomorskie	male	15	11903
Kujawsko-pomorskie	female	15	11228
Kujawsko-pomorskie	male	16	11999
Kujawsko-pomorskie	female	16	11676
Kujawsko-pomorskie	male	17	11940
Kujawsko-pomorskie	female	17	11512
Kujawsko-pomorskie	male	18	11161
Kujawsko-pomorskie	female	18	10556
Kujawsko-pomorskie	male	19	10439
Kujawsko-pomorskie	female	19	9953
Kujawsko-pomorskie	male	20	9813
Kujawsko-pomorskie	female	20	9480
Kujawsko-pomorskie	male	21	9561
Kujawsko-pomorskie	female	21	9305
Kujawsko-pomorskie	male	22	9645
Kujawsko-pomorskie	female	22	9109
Kujawsko-pomorskie	male	23	9530
Kujawsko-pomorskie	female	23	9144
Kujawsko-pomorskie	male	24	10109
Kujawsko-pomorskie	female	24	9380
Kujawsko-pomorskie	male	25	10004
Kujawsko-pomorskie	female	25	9722
Kujawsko-pomorskie	male	26	10095
Kujawsko-pomorskie	female	26	9626
Kujawsko-pomorskie	male	27	10394
Kujawsko-pomorskie	female	27	9728
Kujawsko-pomorskie	male	28	10586
Kujawsko-pomorskie	female	28	10011
Kujawsko-pomorskie	male	29	11094
Kujawsko-pomorskie	female	29	10488
Kujawsko-pomorskie	male	30	11018
Kujawsko-pomorskie	female	30	10709
Kujawsko-pomorskie	male	31	11866
Kujawsko-pomorskie	female	31	11266
Kujawsko-pomorskie	male	32	12273
Kujawsko-pomorskie	female	32	11921
Kujawsko-pomorskie	male	33	12666
Kujawsko-pomorskie	female	33	12181
Kujawsko-pomorskie	male	34	13502
Kujawsko-pomorskie	female	34	13021
Kujawsko-pomorskie	male	35	13935
Kujawsko-pomorskie	female	35	13516
Kujawsko-pomorskie	male	36	13863
Kujawsko-pomorskie	female	36	13498
Kujawsko-pomorskie	male	37	14245
Kujawsko-pomorskie	female	37	13798
Kujawsko-pomorskie	male	38	14491
Kujawsko-pomorskie	female	38	14421
Kujawsko-pomorskie	male	39	15563
Kujawsko-pomorskie	female	39	14900
Kujawsko-pomorskie	male	40	16522
Kujawsko-pomorskie	female	40	16133
Kujawsko-pomorskie	male	41	17112
Kujawsko-pomorskie	female	41	16732
Kujawsko-pomorskie	male	42	17442
Kujawsko-pomorskie	female	42	17159
Kujawsko-pomorskie	male	43	17103
Kujawsko-pomorskie	female	43	16570
Kujawsko-pomorskie	male	44	16251
Kujawsko-pomorskie	female	44	15864
Kujawsko-pomorskie	male	45	16326
Kujawsko-pomorskie	female	45	16125
Kujawsko-pomorskie	male	46	16277
Kujawsko-pomorskie	female	46	15955
Kujawsko-pomorskie	male	47	15624
Kujawsko-pomorskie	female	47	15601
Kujawsko-pomorskie	male	48	15475
Kujawsko-pomorskie	female	48	15379
Kujawsko-pomorskie	male	49	15926
Kujawsko-pomorskie	female	49	16013
Kujawsko-pomorskie	male	50	15258
Kujawsko-pomorskie	female	50	15385
Kujawsko-pomorskie	male	51	14587
Kujawsko-pomorskie	female	51	14616
Kujawsko-pomorskie	male	52	14219
Kujawsko-pomorskie	female	52	14348
Kujawsko-pomorskie	male	53	13526
Kujawsko-pomorskie	female	53	13703
Kujawsko-pomorskie	male	54	12917
Kujawsko-pomorskie	female	54	13449
Kujawsko-pomorskie	male	55	12501
Kujawsko-pomorskie	female	55	12695
Kujawsko-pomorskie	male	56	11787
Kujawsko-pomorskie	female	56	12546
Kujawsko-pomorskie	male	57	11487
Kujawsko-pomorskie	female	57	12186
Kujawsko-pomorskie	male	58	11272
Kujawsko-pomorskie	female	58	12042
Kujawsko-pomorskie	male	59	11090
Kujawsko-pomorskie	female	59	11845
Kujawsko-pomorskie	male	60	11128
Kujawsko-pomorskie	female	60	12190
Kujawsko-pomorskie	male	61	11213
Kujawsko-pomorskie	female	61	12214
Kujawsko-pomorskie	male	62	11235
Kujawsko-pomorskie	female	62	12753
Kujawsko-pomorskie	male	63	11487
Kujawsko-pomorskie	female	63	12715
Kujawsko-pomorskie	male	64	11581
Kujawsko-pomorskie	female	64	13018
Kujawsko-pomorskie	male	65	11789
Kujawsko-pomorskie	female	65	13833
Kujawsko-pomorskie	male	66	12417
Kujawsko-pomorskie	female	66	14400
Kujawsko-pomorskie	male	67	12576
Kujawsko-pomorskie	female	67	15061
Kujawsko-pomorskie	male	68	12537
Kujawsko-pomorskie	female	68	15163
Kujawsko-pomorskie	male	69	11969
Kujawsko-pomorskie	female	69	14796
Kujawsko-pomorskie	male	70	11461
Kujawsko-pomorskie	female	70	14523
Kujawsko-pomorskie	male	71	10609
Kujawsko-pomorskie	female	71	13795
Kujawsko-pomorskie	male	72	10103
Kujawsko-pomorskie	female	72	13407
Kujawsko-pomorskie	male	73	9465
Kujawsko-pomorskie	female	73	13004
Kujawsko-pomorskie	male	74	8908
Kujawsko-pomorskie	female	74	12611
Kujawsko-pomorskie	male	75	8359
Kujawsko-pomorskie	female	75	12231
Kujawsko-pomorskie	male	76	7803
Kujawsko-pomorskie	female	76	11639
Kujawsko-pomorskie	male	77	7035
Kujawsko-pomorskie	female	77	10784
Kujawsko-pomorskie	male	78	6129
Kujawsko-pomorskie	female	78	9930
Kujawsko-pomorskie	male	79	5476
Kujawsko-pomorskie	female	79	9048
Kujawsko-pomorskie	male	80	3219
Kujawsko-pomorskie	female	80	5233
Kujawsko-pomorskie	male	81	2828
Kujawsko-pomorskie	female	81	5008
Kujawsko-pomorskie	male	82	2714
Kujawsko-pomorskie	female	82	5085
Kujawsko-pomorskie	male	83	2569
Kujawsko-pomorskie	female	83	4845
Kujawsko-pomorskie	male	84	2347
Kujawsko-pomorskie	female	84	4689
Kujawsko-pomorskie	male	85	2074
Kujawsko-pomorskie	female	85	4434
Kujawsko-pomorskie	male	86	1808
Kujawsko-pomorskie	female	86	4111
Kujawsko-pomorskie	male	87	1548
Kujawsko-pomorskie	female	87	3781
Kujawsko-pomorskie	male	88	1312
Kujawsko-pomorskie	female	88	3501
Kujawsko-pomorskie	male	89	1121
Kujawsko-pomorskie	female	89	2932
Kujawsko-pomorskie	male	90	944
Kujawsko-pomorskie	female	90	2593
Kujawsko-pomorskie	male	91	729
Kujawsko-pomorskie	female	91	2101
Kujawsko-pomorskie	male	92	555
Kujawsko-pomorskie	female	92	1665
Kujawsko-pomorskie	male	93	435
Kujawsko-pomorskie	female	93	1423
Kujawsko-pomorskie	male	94	359
Kujawsko-pomorskie	female	94	1081
Kujawsko-pomorskie	male	95	234
Kujawsko-pomorskie	female	95	860
Kujawsko-pomorskie	male	96	172
Kujawsko-pomorskie	female	96	567
Kujawsko-pomorskie	male	97	119
Kujawsko-pomorskie	female	97	384
Kujawsko-pomorskie	male	98	91
Kujawsko-pomorskie	female	98	286
Kujawsko-pomorskie	male	99	50
Kujawsko-pomorskie	female	99	185
Lubelskie	male	0	5903
Lubelskie	female	0	5396
Lubelskie	male	1	6488
Lubelskie	female	1	5865
Lubelskie	male	2	6826
Lubelskie	female	2	6556
Lubelskie	male	3	7738
Lubelskie	female	3	7216
Lubelskie	male	4	8537
Lubelskie	female	4	8085
Lubelskie	male	5	9212
Lubelskie	female	5	8662
Lubelskie	male	6	9963
Lubelskie	female	6	9279
Lubelskie	male	7	10494
Lubelskie	female	7	9794
Lubelskie	male	8	10720
Lubelskie	female	8	10319
Lubelskie	male	9	10192
Lubelskie	female	9	9951
Lubelskie	male	10	10270
Lubelskie	female	10	9717
Lubelskie	male	11	10263
Lubelskie	female	11	9834
Lubelskie	male	12	10278
Lubelskie	female	12	9736
Lubelskie	male	13	10776
Lubelskie	female	13	10625
Lubelskie	male	14	11034
Lubelskie	female	14	10468
Lubelskie	male	15	11783
Lubelskie	female	15	11061
Lubelskie	male	16	11675
Lubelskie	female	16	11196
Lubelskie	male	17	11538
Lubelskie	female	17	11198
Lubelskie	male	18	10985
Lubelskie	female	18	10534
Lubelskie	male	19	10556
Lubelskie	female	19	10053
Lubelskie	male	20	10335
Lubelskie	female	20	10014
Lubelskie	male	21	9960
Lubelskie	female	21	9538
Lubelskie	male	22	10149
Lubelskie	female	22	9635
Lubelskie	male	23	10045
Lubelskie	female	23	9535
Lubelskie	male	24	10539
Lubelskie	female	24	10081
Lubelskie	male	25	10859
Lubelskie	female	25	9979
Lubelskie	male	26	10790
Lubelskie	female	26	10100
Lubelskie	male	27	10977
Lubelskie	female	27	10014
Lubelskie	male	28	11179
Lubelskie	female	28	10420
Lubelskie	male	29	11232
Lubelskie	female	29	10299
Lubelskie	male	30	11204
Lubelskie	female	30	10139
Lubelskie	male	31	11786
Lubelskie	female	31	10827
Lubelskie	male	32	12303
Lubelskie	female	32	10802
Lubelskie	male	33	12847
Lubelskie	female	33	11700
Lubelskie	male	34	13467
Lubelskie	female	34	12286
Lubelskie	male	35	13815
Lubelskie	female	35	12550
Lubelskie	male	36	13774
Lubelskie	female	36	12752
Lubelskie	male	37	14114
Lubelskie	female	37	13279
Lubelskie	male	38	14570
Lubelskie	female	38	13569
Lubelskie	male	39	15083
Lubelskie	female	39	14425
Lubelskie	male	40	16238
Lubelskie	female	40	15222
Lubelskie	male	41	16462
Lubelskie	female	41	15687
Lubelskie	male	42	17148
Lubelskie	female	42	16428
Lubelskie	male	43	16699
Lubelskie	female	43	16087
Lubelskie	male	44	16222
Lubelskie	female	44	15488
Lubelskie	male	45	16155
Lubelskie	female	45	15515
Lubelskie	male	46	16107
Lubelskie	female	46	15340
Lubelskie	male	47	15404
Lubelskie	female	47	15298
Lubelskie	male	48	15118
Lubelskie	female	48	14914
Lubelskie	male	49	15301
Lubelskie	female	49	15052
Lubelskie	male	50	15009
Lubelskie	female	50	14167
Lubelskie	male	51	14520
Lubelskie	female	51	14453
Lubelskie	male	52	13816
Lubelskie	female	52	14146
Lubelskie	male	53	13432
Lubelskie	female	53	13574
Lubelskie	male	54	12764
Lubelskie	female	54	13398
Lubelskie	male	55	12699
Lubelskie	female	55	12546
Lubelskie	male	56	12102
Lubelskie	female	56	12695
Lubelskie	male	57	11871
Lubelskie	female	57	12172
Lubelskie	male	58	11498
Lubelskie	female	58	12292
Lubelskie	male	59	11701
Lubelskie	female	59	12466
Lubelskie	male	60	11835
Lubelskie	female	60	12606
Lubelskie	male	61	11772
Lubelskie	female	61	12678
Lubelskie	male	62	11890
Lubelskie	female	62	12826
Lubelskie	male	63	11381
Lubelskie	female	63	12890
Lubelskie	male	64	11522
Lubelskie	female	64	13111
Lubelskie	male	65	11776
Lubelskie	female	65	13763
Lubelskie	male	66	12451
Lubelskie	female	66	14414
Lubelskie	male	67	12470
Lubelskie	female	67	14861
Lubelskie	male	68	12486
Lubelskie	female	68	15489
Lubelskie	male	69	12001
Lubelskie	female	69	14811
Lubelskie	male	70	11671
Lubelskie	female	70	14900
Lubelskie	male	71	10530
Lubelskie	female	71	14126
Lubelskie	male	72	10377
Lubelskie	female	72	14178
Lubelskie	male	73	9639
Lubelskie	female	73	13376
Lubelskie	male	74	9080
Lubelskie	female	74	13188
Lubelskie	male	75	8258
Lubelskie	female	75	12387
Lubelskie	male	76	7280
Lubelskie	female	76	11432
Lubelskie	male	77	6918
Lubelskie	female	77	10992
Lubelskie	male	78	6117
Lubelskie	female	78	10119
Lubelskie	male	79	4910
Lubelskie	female	79	8639
Lubelskie	male	80	4145
Lubelskie	female	80	7392
Lubelskie	male	81	3636
Lubelskie	female	81	6717
Lubelskie	male	82	3011
Lubelskie	female	82	5981
Lubelskie	male	83	2686
Lubelskie	female	83	5228
Lubelskie	male	84	2709
Lubelskie	female	84	5794
Lubelskie	male	85	2474
Lubelskie	female	85	5593
Lubelskie	male	86	2081
Lubelskie	female	86	4847
Lubelskie	male	87	1864
Lubelskie	female	87	4432
Lubelskie	male	88	1572
Lubelskie	female	88	3919
Lubelskie	male	89	1255
Lubelskie	female	89	3518
Lubelskie	male	90	1038
Lubelskie	female	90	3053
Lubelskie	male	91	823
Lubelskie	female	91	2551
Lubelskie	male	92	623
Lubelskie	female	92	2003
Lubelskie	male	93	499
Lubelskie	female	93	1678
Lubelskie	male	94	360
Lubelskie	female	94	1303
Lubelskie	male	95	289
Lubelskie	female	95	1039
Lubelskie	male	96	162
Lubelskie	female	96	704
Lubelskie	male	97	119
Lubelskie	female	97	493
Lubelskie	male	98	76
Lubelskie	female	98	320
Lubelskie	male	99	55
Lubelskie	female	99	183
Lubuskie	male	0	2714
Lubuskie	female	0	2640
Lubuskie	male	1	3043
Lubuskie	female	1	2778
Lubuskie	male	2	3368
Lubuskie	female	2	3126
Lubuskie	male	3	3607
Lubuskie	female	3	3493
Lubuskie	male	4	4000
Lubuskie	female	4	3983
Lubuskie	male	5	4342
Lubuskie	female	5	4179
Lubuskie	male	6	4534
Lubuskie	female	6	4520
Lubuskie	male	7	4964
Lubuskie	female	7	4697
Lubuskie	male	8	5447
Lubuskie	female	8	5090
Lubuskie	male	9	5246
Lubuskie	female	9	4890
Lubuskie	male	10	5148
Lubuskie	female	10	4745
Lubuskie	male	11	5236
Lubuskie	female	11	4969
Lubuskie	male	12	5101
Lubuskie	female	12	4902
Lubuskie	male	13	5473
Lubuskie	female	13	5163
Lubuskie	male	14	5419
Lubuskie	female	14	5124
Lubuskie	male	15	5835
Lubuskie	female	15	5372
Lubuskie	male	16	5977
Lubuskie	female	16	5707
Lubuskie	male	17	5795
Lubuskie	female	17	5581
Lubuskie	male	18	5569
Lubuskie	female	18	5327
Lubuskie	male	19	5128
Lubuskie	female	19	4959
Lubuskie	male	20	4826
Lubuskie	female	20	4657
Lubuskie	male	21	4754
Lubuskie	female	21	4488
Lubuskie	male	22	4408
Lubuskie	female	22	4271
Lubuskie	male	23	4517
Lubuskie	female	23	4356
Lubuskie	male	24	4604
Lubuskie	female	24	4538
Lubuskie	male	25	4659
Lubuskie	female	25	4411
Lubuskie	male	26	4869
Lubuskie	female	26	4467
Lubuskie	male	27	4885
Lubuskie	female	27	4643
Lubuskie	male	28	5143
Lubuskie	female	28	4614
Lubuskie	male	29	5055
Lubuskie	female	29	4750
Lubuskie	male	30	5130
Lubuskie	female	30	4996
Lubuskie	male	31	5549
Lubuskie	female	31	5193
Lubuskie	male	32	5711
Lubuskie	female	32	5478
Lubuskie	male	33	6004
Lubuskie	female	33	5655
Lubuskie	male	34	6341
Lubuskie	female	34	5947
Lubuskie	male	35	6653
Lubuskie	female	35	6367
Lubuskie	male	36	6673
Lubuskie	female	36	6445
Lubuskie	male	37	7111
Lubuskie	female	37	6890
Lubuskie	male	38	7094
Lubuskie	female	38	7010
Lubuskie	male	39	7748
Lubuskie	female	39	7602
Lubuskie	male	40	8256
Lubuskie	female	40	8083
Lubuskie	male	41	8744
Lubuskie	female	41	8454
Lubuskie	male	42	8995
Lubuskie	female	42	8847
Lubuskie	male	43	8855
Lubuskie	female	43	8618
Lubuskie	male	44	8340
Lubuskie	female	44	8036
Lubuskie	male	45	8403
Lubuskie	female	45	8434
Lubuskie	male	46	8572
Lubuskie	female	46	8331
Lubuskie	male	47	8123
Lubuskie	female	47	8096
Lubuskie	male	48	8077
Lubuskie	female	48	7714
Lubuskie	male	49	8145
Lubuskie	female	49	8087
Lubuskie	male	50	7650
Lubuskie	female	50	7558
Lubuskie	male	51	7407
Lubuskie	female	51	7292
Lubuskie	male	52	7046
Lubuskie	female	52	6879
Lubuskie	male	53	6779
Lubuskie	female	53	6669
Lubuskie	male	54	6152
Lubuskie	female	54	6226
Lubuskie	male	55	5900
Lubuskie	female	55	5977
Lubuskie	male	56	5499
Lubuskie	female	56	5677
Lubuskie	male	57	5366
Lubuskie	female	57	5602
Lubuskie	male	58	5301
Lubuskie	female	58	5362
Lubuskie	male	59	5330
Lubuskie	female	59	5622
Lubuskie	male	60	5347
Lubuskie	female	60	5704
Lubuskie	male	61	5408
Lubuskie	female	61	5862
Lubuskie	male	62	5402
Lubuskie	female	62	5895
Lubuskie	male	63	5464
Lubuskie	female	63	6049
Lubuskie	male	64	5697
Lubuskie	female	64	6403
Lubuskie	male	65	5850
Lubuskie	female	65	6790
Lubuskie	male	66	6133
Lubuskie	female	66	7367
Lubuskie	male	67	6451
Lubuskie	female	67	7518
Lubuskie	male	68	6264
Lubuskie	female	68	7669
Lubuskie	male	69	6047
Lubuskie	female	69	7504
Lubuskie	male	70	5889
Lubuskie	female	70	7533
Lubuskie	male	71	5338
Lubuskie	female	71	7151
Lubuskie	male	72	5245
Lubuskie	female	72	6869
Lubuskie	male	73	4890
Lubuskie	female	73	6805
Lubuskie	male	74	4575
Lubuskie	female	74	6462
Lubuskie	male	75	4294
Lubuskie	female	75	6082
Lubuskie	male	76	3962
Lubuskie	female	76	5879
Lubuskie	male	77	3796
Lubuskie	female	77	5399
Lubuskie	male	78	3124
Lubuskie	female	78	4734
Lubuskie	male	79	2583
Lubuskie	female	79	4076
Lubuskie	male	80	1357
Lubuskie	female	80	2407
Lubuskie	male	81	1234
Lubuskie	female	81	2315
Lubuskie	male	82	1170
Lubuskie	female	82	2109
Lubuskie	male	83	1042
Lubuskie	female	83	2167
Lubuskie	male	84	961
Lubuskie	female	84	2138
Lubuskie	male	85	904
Lubuskie	female	85	2086
Lubuskie	male	86	783
Lubuskie	female	86	1881
Lubuskie	male	87	645
Lubuskie	female	87	1763
Lubuskie	male	88	569
Lubuskie	female	88	1617
Lubuskie	male	89	503
Lubuskie	female	89	1432
Lubuskie	male	90	382
Lubuskie	female	90	1193
Lubuskie	male	91	290
Lubuskie	female	91	951
Lubuskie	male	92	251
Lubuskie	female	92	804
Lubuskie	male	93	216
Lubuskie	female	93	651
Lubuskie	male	94	137
Lubuskie	female	94	501
Lubuskie	male	95	97
Lubuskie	female	95	377
Lubuskie	male	96	67
Lubuskie	female	96	239
Lubuskie	male	97	42
Lubuskie	female	97	202
Lubuskie	male	98	23
Lubuskie	female	98	107
Lubuskie	male	99	26
Lubuskie	female	99	73
Łódzkie	male	0	7247
Łódzkie	female	0	6759
Łódzkie	male	1	7528
Łódzkie	female	1	7193
Łódzkie	male	2	8503
Łódzkie	female	2	7826
Łódzkie	male	3	9150
Łódzkie	female	3	8877
Łódzkie	male	4	10064
Łódzkie	female	4	9533
Łódzkie	male	5	10473
Łódzkie	female	5	9986
Łódzkie	male	6	10835
Łódzkie	female	6	10570
Łódzkie	male	7	11926
Łódzkie	female	7	11104
Łódzkie	male	8	12201
Łódzkie	female	8	11713
Łódzkie	male	9	11947
Łódzkie	female	9	11147
Łódzkie	male	10	11524
Łódzkie	female	10	10948
Łódzkie	male	11	11883
Łódzkie	female	11	11021
Łódzkie	male	12	11512
Łódzkie	female	12	11056
Łódzkie	male	13	12356
Łódzkie	female	13	11811
Łódzkie	male	14	12572
Łódzkie	female	14	11611
Łódzkie	male	15	12944
Łódzkie	female	15	12471
Łódzkie	male	16	13428
Łódzkie	female	16	12607
Łódzkie	male	17	13049
Łódzkie	female	17	12331
Łódzkie	male	18	12051
Łódzkie	female	18	11558
Łódzkie	male	19	11698
Łódzkie	female	19	11104
Łódzkie	male	20	11168
Łódzkie	female	20	10489
Łódzkie	male	21	10946
Łódzkie	female	21	10447
Łódzkie	male	22	10650
Łódzkie	female	22	10116
Łódzkie	male	23	10773
Łódzkie	female	23	10349
Łódzkie	male	24	11065
Łódzkie	female	24	10499
Łódzkie	male	25	11453
Łódzkie	female	25	10794
Łódzkie	male	26	11430
Łódzkie	female	26	10883
Łódzkie	male	27	11560
Łódzkie	female	27	11083
Łódzkie	male	28	12115
Łódzkie	female	28	11605
Łódzkie	male	29	12854
Łódzkie	female	29	11753
Łódzkie	male	30	12894
Łódzkie	female	30	12354
Łódzkie	male	31	13514
Łódzkie	female	31	12990
Łódzkie	male	32	14271
Łódzkie	female	32	13565
Łódzkie	male	33	14647
Łódzkie	female	33	13845
Łódzkie	male	34	15586
Łódzkie	female	34	14658
Łódzkie	male	35	15818
Łódzkie	female	35	14930
Łódzkie	male	36	15632
Łódzkie	female	36	15162
Łódzkie	male	37	16131
Łódzkie	female	37	15632
Łódzkie	male	38	16364
Łódzkie	female	38	16047
Łódzkie	male	39	17340
Łódzkie	female	39	16837
Łódzkie	male	40	18833
Łódzkie	female	40	17867
Łódzkie	male	41	19316
Łódzkie	female	41	18637
Łódzkie	male	42	20271
Łódzkie	female	42	19852
Łódzkie	male	43	19946
Łódzkie	female	43	19229
Łódzkie	male	44	18885
Łódzkie	female	44	18409
Łódzkie	male	45	19371
Łódzkie	female	45	19046
Łódzkie	male	46	19023
Łódzkie	female	46	19012
Łódzkie	male	47	18936
Łódzkie	female	47	18672
Łódzkie	male	48	18783
Łódzkie	female	48	18879
Łódzkie	male	49	18651
Łódzkie	female	49	18858
Łódzkie	male	50	17943
Łódzkie	female	50	18299
Łódzkie	male	51	17160
Łódzkie	female	51	17519
Łódzkie	male	52	16415
Łódzkie	female	52	16893
Łódzkie	male	53	15836
Łódzkie	female	53	16429
Łódzkie	male	54	15333
Łódzkie	female	54	15922
Łódzkie	male	55	14465
Łódzkie	female	55	15317
Łódzkie	male	56	14056
Łódzkie	female	56	15008
Łódzkie	male	57	13651
Łódzkie	female	57	14554
Łódzkie	male	58	13150
Łódzkie	female	58	14345
Łódzkie	male	59	12928
Łódzkie	female	59	14411
Łódzkie	male	60	12798
Łódzkie	female	60	14308
Łódzkie	male	61	12965
Łódzkie	female	61	14621
Łódzkie	male	62	13043
Łódzkie	female	62	14855
Łódzkie	male	63	13130
Łódzkie	female	63	15079
Łódzkie	male	64	13298
Łódzkie	female	64	15948
Łódzkie	male	65	13623
Łódzkie	female	65	16839
Łódzkie	male	66	14596
Łódzkie	female	66	18119
Łódzkie	male	67	14799
Łódzkie	female	67	18753
Łódzkie	male	68	14646
Łódzkie	female	68	19260
Łódzkie	male	69	14514
Łódzkie	female	69	18878
Łódzkie	male	70	14300
Łódzkie	female	70	19137
Łódzkie	male	71	12992
Łódzkie	female	71	18079
Łódzkie	male	72	12821
Łódzkie	female	72	18017
Łódzkie	male	73	11927
Łódzkie	female	73	17528
Łódzkie	male	74	11347
Łódzkie	female	74	17224
Łódzkie	male	75	10227
Łódzkie	female	75	15809
Łódzkie	male	76	9095
Łódzkie	female	76	14819
Łódzkie	male	77	8916
Łódzkie	female	77	14550
Łódzkie	male	78	8157
Łódzkie	female	78	13727
Łódzkie	male	79	7649
Łódzkie	female	79	13506
Łódzkie	male	80	4518
Łódzkie	female	80	8146
Łódzkie	male	81	3801
Łódzkie	female	81	7475
Łódzkie	male	82	3558
Łódzkie	female	82	7197
Łódzkie	male	83	3076
Łódzkie	female	83	6524
Łódzkie	male	84	2932
Łódzkie	female	84	6544
Łódzkie	male	85	2562
Łódzkie	female	85	6059
Łódzkie	male	86	2340
Łódzkie	female	86	5649
Łódzkie	male	87	1994
Łódzkie	female	87	5111
Łódzkie	male	88	1748
Łódzkie	female	88	4703
Łódzkie	male	89	1487
Łódzkie	female	89	4226
Łódzkie	male	90	1216
Łódzkie	female	90	3615
Łódzkie	male	91	903
Łódzkie	female	91	2926
Łódzkie	male	92	688
Łódzkie	female	92	2483
Łódzkie	male	93	572
Łódzkie	female	93	2050
Łódzkie	male	94	417
Łódzkie	female	94	1564
Łódzkie	male	95	296
Łódzkie	female	95	1143
Łódzkie	male	96	172
Łódzkie	female	96	845
Łódzkie	male	97	112
Łódzkie	female	97	513
Łódzkie	male	98	90
Łódzkie	female	98	392
Łódzkie	male	99	60
Łódzkie	female	99	231
Małopolskie	male	0	12930
Małopolskie	female	0	12293
Małopolskie	male	1	13491
Małopolskie	female	1	13029
Małopolskie	male	2	14537
Małopolskie	female	2	13972
Małopolskie	male	3	16052
Małopolskie	female	3	15240
Małopolskie	male	4	17357
Małopolskie	female	4	16611
Małopolskie	male	5	18187
Małopolskie	female	5	17141
Małopolskie	male	6	19219
Małopolskie	female	6	18402
Małopolskie	male	7	20211
Małopolskie	female	7	18780
Małopolskie	male	8	20533
Małopolskie	female	8	19275
Małopolskie	male	9	19849
Małopolskie	female	9	18762
Małopolskie	male	10	19289
Małopolskie	female	10	18144
Małopolskie	male	11	19124
Małopolskie	female	11	17925
Małopolskie	male	12	18850
Małopolskie	female	12	17768
Małopolskie	male	13	19389
Małopolskie	female	13	18462
Małopolskie	male	14	19507
Małopolskie	female	14	18461
Małopolskie	male	15	20561
Małopolskie	female	15	19195
Małopolskie	male	16	20435
Małopolskie	female	16	19510
Małopolskie	male	17	19854
Małopolskie	female	17	19255
Małopolskie	male	18	18474
Małopolskie	female	18	17666
Małopolskie	male	19	17327
Małopolskie	female	19	16872
Małopolskie	male	20	17092
Małopolskie	female	20	16346
Małopolskie	male	21	16827
Małopolskie	female	21	15786
Małopolskie	male	22	16369
Małopolskie	female	22	15894
Małopolskie	male	23	16788
Małopolskie	female	23	16334
Małopolskie	male	24	17508
Małopolskie	female	24	17111
Małopolskie	male	25	18565
Małopolskie	female	25	18008
Małopolskie	male	26	18591
Małopolskie	female	26	18295
Małopolskie	male	27	19398
Małopolskie	female	27	19306
Małopolskie	male	28	20189
Małopolskie	female	28	19929
Małopolskie	male	29	21164
Małopolskie	female	29	21175
Małopolskie	male	30	22121
Małopolskie	female	30	22084
Małopolskie	male	31	23604
Małopolskie	female	31	23608
Małopolskie	male	32	24415
Małopolskie	female	32	24496
Małopolskie	male	33	25909
Małopolskie	female	33	25480
Małopolskie	male	34	27245
Małopolskie	female	34	26828
Małopolskie	male	35	27118
Małopolskie	female	35	26232
Małopolskie	male	36	26675
Małopolskie	female	36	26545
Małopolskie	male	37	27377
Małopolskie	female	37	26837
Małopolskie	male	38	27359
Małopolskie	female	38	26744
Małopolskie	male	39	28104
Małopolskie	female	39	27560
Małopolskie	male	40	29272
Małopolskie	female	40	28803
Małopolskie	male	41	29842
Małopolskie	female	41	29503
Małopolskie	male	42	29757
Małopolskie	female	42	30215
Małopolskie	male	43	28747
Małopolskie	female	43	28610
Małopolskie	male	44	27329
Małopolskie	female	44	27330
Małopolskie	male	45	27838
Małopolskie	female	45	27643
Małopolskie	male	46	27537
Małopolskie	female	46	27022
Małopolskie	male	47	26763
Małopolskie	female	47	26754
Małopolskie	male	48	26054
Małopolskie	female	48	26073
Małopolskie	male	49	25719
Małopolskie	female	49	25999
Małopolskie	male	50	24664
Małopolskie	female	50	25180
Małopolskie	male	51	24166
Małopolskie	female	51	24549
Małopolskie	male	52	22769
Małopolskie	female	52	23170
Małopolskie	male	53	21675
Małopolskie	female	53	22634
Małopolskie	male	54	21253
Małopolskie	female	54	21598
Małopolskie	male	55	20568
Małopolskie	female	55	21381
Małopolskie	male	56	19812
Małopolskie	female	56	20622
Małopolskie	male	57	19539
Małopolskie	female	57	19898
Małopolskie	male	58	19174
Małopolskie	female	58	19735
Małopolskie	male	59	18823
Małopolskie	female	59	19811
Małopolskie	male	60	18914
Małopolskie	female	60	19937
Małopolskie	male	61	18855
Małopolskie	female	61	20027
Małopolskie	male	62	18661
Małopolskie	female	62	19934
Małopolskie	male	63	18515
Małopolskie	female	63	20333
Małopolskie	male	64	18276
Małopolskie	female	64	20477
Małopolskie	male	65	18735
Małopolskie	female	65	21438
Małopolskie	male	66	19105
Małopolskie	female	66	21871
Małopolskie	male	67	19128
Małopolskie	female	67	22274
Małopolskie	male	68	18423
Małopolskie	female	68	21949
Małopolskie	male	69	17500
Małopolskie	female	69	21577
Małopolskie	male	70	17283
Małopolskie	female	70	21627
Małopolskie	male	71	16168
Małopolskie	female	71	20469
Małopolskie	male	72	15449
Małopolskie	female	72	20202
Małopolskie	male	73	14587
Małopolskie	female	73	19576
Małopolskie	male	74	13731
Małopolskie	female	74	18978
Małopolskie	male	75	12504
Małopolskie	female	75	17553
Małopolskie	male	76	11227
Małopolskie	female	76	16683
Małopolskie	male	77	10629
Małopolskie	female	77	15664
Małopolskie	male	78	9464
Małopolskie	female	78	14547
Małopolskie	male	79	7820
Małopolskie	female	79	12780
Małopolskie	male	80	6457
Małopolskie	female	80	10557
Małopolskie	male	81	5904
Małopolskie	female	81	10142
Małopolskie	male	82	5148
Małopolskie	female	82	8839
Małopolskie	male	83	4132
Małopolskie	female	83	7659
Małopolskie	male	84	4124
Małopolskie	female	84	7652
Małopolskie	male	85	4065
Małopolskie	female	85	8166
Małopolskie	male	86	3626
Małopolskie	female	86	7990
Małopolskie	male	87	3146
Małopolskie	female	87	7028
Małopolskie	male	88	2720
Małopolskie	female	88	6303
Małopolskie	male	89	2368
Małopolskie	female	89	5651
Małopolskie	male	90	1876
Małopolskie	female	90	4696
Małopolskie	male	91	1441
Małopolskie	female	91	3762
Małopolskie	male	92	1120
Małopolskie	female	92	3090
Małopolskie	male	93	910
Małopolskie	female	93	2655
Małopolskie	male	94	650
Małopolskie	female	94	1915
Małopolskie	male	95	475
Małopolskie	female	95	1445
Małopolskie	male	96	325
Małopolskie	female	96	959
Małopolskie	male	97	218
Małopolskie	female	97	707
Małopolskie	male	98	122
Małopolskie	female	98	452
Małopolskie	male	99	71
Małopolskie	female	99	328
Mazowieckie	male	0	20547
Mazowieckie	female	0	19390
Mazowieckie	male	1	21666
Mazowieckie	female	1	20502
Mazowieckie	male	2	23119
Mazowieckie	female	2	22046
Mazowieckie	male	3	25936
Mazowieckie	female	3	24684
Mazowieckie	male	4	27965
Mazowieckie	female	4	26869
Mazowieckie	male	5	28477
Mazowieckie	female	5	27117
Mazowieckie	male	6	30749
Mazowieckie	female	6	29046
Mazowieckie	male	7	31915
Mazowieckie	female	7	30005
Mazowieckie	male	8	33141
Mazowieckie	female	8	31293
Mazowieckie	male	9	31746
Mazowieckie	female	9	30501
Mazowieckie	male	10	31474
Mazowieckie	female	10	29708
Mazowieckie	male	11	31332
Mazowieckie	female	11	29432
Mazowieckie	male	12	30337
Mazowieckie	female	12	28961
Mazowieckie	male	13	31742
Mazowieckie	female	13	29968
Mazowieckie	male	14	31467
Mazowieckie	female	14	29771
Mazowieckie	male	15	33429
Mazowieckie	female	15	31524
Mazowieckie	male	16	32685
Mazowieckie	female	16	31550
Mazowieckie	male	17	32481
Mazowieckie	female	17	30489
Mazowieckie	male	18	30317
Mazowieckie	female	18	28581
Mazowieckie	male	19	28725
Mazowieckie	female	19	27350
Mazowieckie	male	20	27136
Mazowieckie	female	20	25926
Mazowieckie	male	21	26174
Mazowieckie	female	21	24966
Mazowieckie	male	22	25257
Mazowieckie	female	22	24183
Mazowieckie	male	23	25260
Mazowieckie	female	23	24214
Mazowieckie	male	24	26044
Mazowieckie	female	24	25098
Mazowieckie	male	25	26978
Mazowieckie	female	25	26325
Mazowieckie	male	26	27181
Mazowieckie	female	26	26631
Mazowieckie	male	27	28257
Mazowieckie	female	27	27765
Mazowieckie	male	28	29647
Mazowieckie	female	28	29425
Mazowieckie	male	29	31363
Mazowieckie	female	29	31801
Mazowieckie	male	30	32703
Mazowieckie	female	30	33595
Mazowieckie	male	31	35108
Mazowieckie	female	31	36048
Mazowieckie	male	32	36737
Mazowieckie	female	32	38059
Mazowieckie	male	33	38138
Mazowieckie	female	33	39772
Mazowieckie	male	34	40577
Mazowieckie	female	34	41513
Mazowieckie	male	35	41196
Mazowieckie	female	35	42592
Mazowieckie	male	36	41489
Mazowieckie	female	36	42199
Mazowieckie	male	37	42688
Mazowieckie	female	37	43866
Mazowieckie	male	38	43384
Mazowieckie	female	38	43794
Mazowieckie	male	39	45622
Mazowieckie	female	39	46167
Mazowieckie	male	40	47627
Mazowieckie	female	40	48185
Mazowieckie	male	41	48544
Mazowieckie	female	41	49082
Mazowieckie	male	42	49629
Mazowieckie	female	42	50764
Mazowieckie	male	43	48238
Mazowieckie	female	43	48855
Mazowieckie	male	44	45614
Mazowieckie	female	44	46602
Mazowieckie	male	45	46945
Mazowieckie	female	45	47797
Mazowieckie	male	46	46724
Mazowieckie	female	46	47848
Mazowieckie	male	47	45400
Mazowieckie	female	47	46256
Mazowieckie	male	48	44731
Mazowieckie	female	48	45801
Mazowieckie	male	49	44700
Mazowieckie	female	49	45930
Mazowieckie	male	50	42680
Mazowieckie	female	50	43833
Mazowieckie	male	51	40543
Mazowieckie	female	51	41484
Mazowieckie	male	52	38242
Mazowieckie	female	52	39504
Mazowieckie	male	53	36171
Mazowieckie	female	53	36956
Mazowieckie	male	54	33850
Mazowieckie	female	54	34866
Mazowieckie	male	55	32304
Mazowieckie	female	55	33230
Mazowieckie	male	56	30337
Mazowieckie	female	56	31322
Mazowieckie	male	57	28936
Mazowieckie	female	57	30774
Mazowieckie	male	58	28220
Mazowieckie	female	58	29780
Mazowieckie	male	59	27530
Mazowieckie	female	59	29484
Mazowieckie	male	60	27008
Mazowieckie	female	60	29088
Mazowieckie	male	61	27142
Mazowieckie	female	61	29801
Mazowieckie	male	62	27105
Mazowieckie	female	62	30433
Mazowieckie	male	63	26567
Mazowieckie	female	63	30246
Mazowieckie	male	64	26509
Mazowieckie	female	64	31143
Mazowieckie	male	65	28072
Mazowieckie	female	65	32988
Mazowieckie	male	66	29019
Mazowieckie	female	66	35365
Mazowieckie	male	67	29549
Mazowieckie	female	67	36900
Mazowieckie	male	68	29974
Mazowieckie	female	68	37919
Mazowieckie	male	69	28946
Mazowieckie	female	69	37925
Mazowieckie	male	70	28872
Mazowieckie	female	70	38395
Mazowieckie	male	71	27181
Mazowieckie	female	71	36647
Mazowieckie	male	72	25844
Mazowieckie	female	72	36338
Mazowieckie	male	73	24217
Mazowieckie	female	73	34355
Mazowieckie	male	74	22487
Mazowieckie	female	74	33027
Mazowieckie	male	75	20521
Mazowieckie	female	75	30503
Mazowieckie	male	76	18464
Mazowieckie	female	76	28139
Mazowieckie	male	77	17163
Mazowieckie	female	77	27197
Mazowieckie	male	78	15543
Mazowieckie	female	78	25293
Mazowieckie	male	79	13522
Mazowieckie	female	79	22494
Mazowieckie	male	80	9527
Mazowieckie	female	80	16595
Mazowieckie	male	81	8643
Mazowieckie	female	81	15729
Mazowieckie	male	82	7614
Mazowieckie	female	82	14269
Mazowieckie	male	83	6645
Mazowieckie	female	83	13069
Mazowieckie	male	84	6274
Mazowieckie	female	84	12932
Mazowieckie	male	85	6009
Mazowieckie	female	85	12566
Mazowieckie	male	86	5300
Mazowieckie	female	86	12108
Mazowieckie	male	87	4788
Mazowieckie	female	87	11278
Mazowieckie	male	88	4241
Mazowieckie	female	88	10110
Mazowieckie	male	89	3725
Mazowieckie	female	89	9247
Mazowieckie	male	90	2952
Mazowieckie	female	90	7717
Mazowieckie	male	91	2431
Mazowieckie	female	91	6417
Mazowieckie	male	92	1884
Mazowieckie	female	92	5155
Mazowieckie	male	93	1512
Mazowieckie	female	93	4444
Mazowieckie	male	94	1196
Mazowieckie	female	94	3599
Mazowieckie	male	95	936
Mazowieckie	female	95	2685
Mazowieckie	male	96	572
Mazowieckie	female	96	1971
Mazowieckie	male	97	448
Mazowieckie	female	97	1381
Mazowieckie	male	98	270
Mazowieckie	female	98	874
Mazowieckie	male	99	153
Mazowieckie	female	99	649
Opolskie	male	0	2604
Opolskie	female	0	2422
Opolskie	male	1	2806
Opolskie	female	1	2554
Opolskie	male	2	3079
Opolskie	female	2	3108
Opolskie	male	3	3511
Opolskie	female	3	3280
Opolskie	male	4	3857
Opolskie	female	4	3588
Opolskie	male	5	4061
Opolskie	female	5	3866
Opolskie	male	6	4300
Opolskie	female	6	4260
Opolskie	male	7	4544
Opolskie	female	7	4304
Opolskie	male	8	4747
Opolskie	female	8	4586
Opolskie	male	9	4603
Opolskie	female	9	4334
Opolskie	male	10	4643
Opolskie	female	10	4190
Opolskie	male	11	4634
Opolskie	female	11	4384
Opolskie	male	12	4518
Opolskie	female	12	4186
Opolskie	male	13	4786
Opolskie	female	13	4506
Opolskie	male	14	4598
Opolskie	female	14	4514
Opolskie	male	15	4862
Opolskie	female	15	4594
Opolskie	male	16	4939
Opolskie	female	16	4710
Opolskie	male	17	4845
Opolskie	female	17	4664
Opolskie	male	18	4543
Opolskie	female	18	4267
Opolskie	male	19	4384
Opolskie	female	19	4141
Opolskie	male	20	4221
Opolskie	female	20	4122
Opolskie	male	21	4114
Opolskie	female	21	3771
Opolskie	male	22	3970
Opolskie	female	22	3857
Opolskie	male	23	4147
Opolskie	female	23	3996
Opolskie	male	24	4293
Opolskie	female	24	4020
Opolskie	male	25	4366
Opolskie	female	25	4285
Opolskie	male	26	4467
Opolskie	female	26	4249
Opolskie	male	27	4526
Opolskie	female	27	4425
Opolskie	male	28	4620
Opolskie	female	28	4508
Opolskie	male	29	4851
Opolskie	female	29	4491
Opolskie	male	30	4843
Opolskie	female	30	4697
Opolskie	male	31	5150
Opolskie	female	31	4993
Opolskie	male	32	5465
Opolskie	female	32	5302
Opolskie	male	33	5624
Opolskie	female	33	5490
Opolskie	male	34	6376
Opolskie	female	34	6052
Opolskie	male	35	6544
Opolskie	female	35	6371
Opolskie	male	36	6698
Opolskie	female	36	6556
Opolskie	male	37	6948
Opolskie	female	37	6807
Opolskie	male	38	6942
Opolskie	female	38	7198
Opolskie	male	39	7422
Opolskie	female	39	7305
Opolskie	male	40	7708
Opolskie	female	40	7538
Opolskie	male	41	7864
Opolskie	female	41	7996
Opolskie	male	42	8172
Opolskie	female	42	8251
Opolskie	male	43	7956
Opolskie	female	43	7746
Opolskie	male	44	7586
Opolskie	female	44	7649
Opolskie	male	45	7663
Opolskie	female	45	7585
Opolskie	male	46	7644
Opolskie	female	46	7814
Opolskie	male	47	7425
Opolskie	female	47	7439
Opolskie	male	48	7548
Opolskie	female	48	7357
Opolskie	male	49	7479
Opolskie	female	49	7380
Opolskie	male	50	7157
Opolskie	female	50	7235
Opolskie	male	51	6946
Opolskie	female	51	6906
Opolskie	male	52	6699
Opolskie	female	52	6729
Opolskie	male	53	6502
Opolskie	female	53	6646
Opolskie	male	54	6229
Opolskie	female	54	6537
Opolskie	male	55	6105
Opolskie	female	55	6366
Opolskie	male	56	6176
Opolskie	female	56	6188
Opolskie	male	57	5995
Opolskie	female	57	6069
Opolskie	male	58	6089
Opolskie	female	58	6071
Opolskie	male	59	6117
Opolskie	female	59	6144
Opolskie	male	60	6109
Opolskie	female	60	6210
Opolskie	male	61	6107
Opolskie	female	61	6246
Opolskie	male	62	6137
Opolskie	female	62	6472
Opolskie	male	63	6138
Opolskie	female	63	6358
Opolskie	male	64	6139
Opolskie	female	64	6731
Opolskie	male	65	6241
Opolskie	female	65	6812
Opolskie	male	66	6203
Opolskie	female	66	7110
Opolskie	male	67	6040
Opolskie	female	67	7020
Opolskie	male	68	5729
Opolskie	female	68	6982
Opolskie	male	69	5605
Opolskie	female	69	6872
Opolskie	male	70	5501
Opolskie	female	70	6669
Opolskie	male	71	5093
Opolskie	female	71	6569
Opolskie	male	72	4715
Opolskie	female	72	6373
Opolskie	male	73	4565
Opolskie	female	73	6249
Opolskie	male	74	4302
Opolskie	female	74	6085
Opolskie	male	75	3943
Opolskie	female	75	5729
Opolskie	male	76	3560
Opolskie	female	76	5472
Opolskie	male	77	3298
Opolskie	female	77	4976
Opolskie	male	78	2816
Opolskie	female	78	4337
Opolskie	male	79	2177
Opolskie	female	79	3537
Opolskie	male	80	1484
Opolskie	female	80	2550
Opolskie	male	81	1560
Opolskie	female	81	2740
Opolskie	male	82	1393
Opolskie	female	82	2418
Opolskie	male	83	1195
Opolskie	female	83	2356
Opolskie	male	84	1396
Opolskie	female	84	2745
Opolskie	male	85	1224
Opolskie	female	85	2786
Opolskie	male	86	1093
Opolskie	female	86	2555
Opolskie	male	87	930
Opolskie	female	87	2257
Opolskie	male	88	785
Opolskie	female	88	2036
Opolskie	male	89	656
Opolskie	female	89	1765
Opolskie	male	90	538
Opolskie	female	90	1433
Opolskie	male	91	426
Opolskie	female	91	1176
Opolskie	male	92	335
Opolskie	female	92	859
Opolskie	male	93	259
Opolskie	female	93	702
Opolskie	male	94	208
Opolskie	female	94	539
Opolskie	male	95	148
Opolskie	female	95	387
Opolskie	male	96	90
Opolskie	female	96	277
Opolskie	male	97	64
Opolskie	female	97	218
Opolskie	male	98	42
Opolskie	female	98	118
Opolskie	male	99	36
Opolskie	female	99	102
Podkarpackie	male	0	6570
Podkarpackie	female	0	6055
Podkarpackie	male	1	7065
Podkarpackie	female	1	6733
Podkarpackie	male	2	7682
Podkarpackie	female	2	7216
Podkarpackie	male	3	8807
Podkarpackie	female	3	8017
Podkarpackie	male	4	9461
Podkarpackie	female	4	8832
Podkarpackie	male	5	10270
Podkarpackie	female	5	9748
Podkarpackie	male	6	11118
Podkarpackie	female	6	10313
Podkarpackie	male	7	11573
Podkarpackie	female	7	11180
Podkarpackie	male	8	12097
Podkarpackie	female	8	11320
Podkarpackie	male	9	11289
Podkarpackie	female	9	10615
Podkarpackie	male	10	10988
Podkarpackie	female	10	10515
Podkarpackie	male	11	10951
Podkarpackie	female	11	10505
Podkarpackie	male	12	11187
Podkarpackie	female	12	10680
Podkarpackie	male	13	11767
Podkarpackie	female	13	10998
Podkarpackie	male	14	11649
Podkarpackie	female	14	11162
Podkarpackie	male	15	12169
Podkarpackie	female	15	11540
Podkarpackie	male	16	12379
Podkarpackie	female	16	11734
Podkarpackie	male	17	12164
Podkarpackie	female	17	11612
Podkarpackie	male	18	11365
Podkarpackie	female	18	10920
Podkarpackie	male	19	10852
Podkarpackie	female	19	10393
Podkarpackie	male	20	10879
Podkarpackie	female	20	10213
Podkarpackie	male	21	10580
Podkarpackie	female	21	10186
Podkarpackie	male	22	10448
Podkarpackie	female	22	10033
Podkarpackie	male	23	10897
Podkarpackie	female	23	10291
Podkarpackie	male	24	10897
Podkarpackie	female	24	10379
Podkarpackie	male	25	11436
Podkarpackie	female	25	10755
Podkarpackie	male	26	11345
Podkarpackie	female	26	10604
Podkarpackie	male	27	11432
Podkarpackie	female	27	10774
Podkarpackie	male	28	11777
Podkarpackie	female	28	10877
Podkarpackie	male	29	12189
Podkarpackie	female	29	11106
Podkarpackie	male	30	11871
Podkarpackie	female	30	10936
Podkarpackie	male	31	12616
Podkarpackie	female	31	11734
Podkarpackie	male	32	13227
Podkarpackie	female	32	12103
Podkarpackie	male	33	13978
Podkarpackie	female	33	13334
Podkarpackie	male	34	14965
Podkarpackie	female	34	13916
Podkarpackie	male	35	15281
Podkarpackie	female	35	14320
Podkarpackie	male	36	15615
Podkarpackie	female	36	14566
Podkarpackie	male	37	15718
Podkarpackie	female	37	14853
Podkarpackie	male	38	16043
Podkarpackie	female	38	15102
Podkarpackie	male	39	16394
Podkarpackie	female	39	15620
Podkarpackie	male	40	17001
Podkarpackie	female	40	16536
Podkarpackie	male	41	17593
Podkarpackie	female	41	16826
Podkarpackie	male	42	17964
Podkarpackie	female	42	17332
Podkarpackie	male	43	17411
Podkarpackie	female	43	16857
Podkarpackie	male	44	16596
Podkarpackie	female	44	16326
Podkarpackie	male	45	16843
Podkarpackie	female	45	16485
Podkarpackie	male	46	16684
Podkarpackie	female	46	16076
Podkarpackie	male	47	16267
Podkarpackie	female	47	15799
Podkarpackie	male	48	16149
Podkarpackie	female	48	15735
Podkarpackie	male	49	15761
Podkarpackie	female	49	15889
Podkarpackie	male	50	15554
Podkarpackie	female	50	15171
Podkarpackie	male	51	14712
Podkarpackie	female	51	14877
Podkarpackie	male	52	14280
Podkarpackie	female	52	14437
Podkarpackie	male	53	14170
Podkarpackie	female	53	13787
Podkarpackie	male	54	13520
Podkarpackie	female	54	13459
Podkarpackie	male	55	13129
Podkarpackie	female	55	13218
Podkarpackie	male	56	12264
Podkarpackie	female	56	12777
Podkarpackie	male	57	12075
Podkarpackie	female	57	12757
Podkarpackie	male	58	12206
Podkarpackie	female	58	12586
Podkarpackie	male	59	12116
Podkarpackie	female	59	12608
Podkarpackie	male	60	12186
Podkarpackie	female	60	12688
Podkarpackie	male	61	12370
Podkarpackie	female	61	12930
Podkarpackie	male	62	12326
Podkarpackie	female	62	13043
Podkarpackie	male	63	12305
Podkarpackie	female	63	12973
Podkarpackie	male	64	12282
Podkarpackie	female	64	13288
Podkarpackie	male	65	12364
Podkarpackie	female	65	13691
Podkarpackie	male	66	12614
Podkarpackie	female	66	14224
Podkarpackie	male	67	12072
Podkarpackie	female	67	14170
Podkarpackie	male	68	11924
Podkarpackie	female	68	13807
Podkarpackie	male	69	11413
Podkarpackie	female	69	13735
Podkarpackie	male	70	10973
Podkarpackie	female	70	13531
Podkarpackie	male	71	10467
Podkarpackie	female	71	13063
Podkarpackie	male	72	9888
Podkarpackie	female	72	12776
Podkarpackie	male	73	9404
Podkarpackie	female	73	12349
Podkarpackie	male	74	8783
Podkarpackie	female	74	11797
Podkarpackie	male	75	7983
Podkarpackie	female	75	10785
Podkarpackie	male	76	7321
Podkarpackie	female	76	10600
Podkarpackie	male	77	6477
Podkarpackie	female	77	9893
Podkarpackie	male	78	5935
Podkarpackie	female	78	8926
Podkarpackie	male	79	4812
Podkarpackie	female	79	7659
Podkarpackie	male	80	3874
Podkarpackie	female	80	6408
Podkarpackie	male	81	3410
Podkarpackie	female	81	6028
Podkarpackie	male	82	2823
Podkarpackie	female	82	5024
Podkarpackie	male	83	2431
Podkarpackie	female	83	4591
Podkarpackie	male	84	2607
Podkarpackie	female	84	5029
Podkarpackie	male	85	2646
Podkarpackie	female	85	5370
Podkarpackie	male	86	2147
Podkarpackie	female	86	4737
Podkarpackie	male	87	1864
Podkarpackie	female	87	4304
Podkarpackie	male	88	1762
Podkarpackie	female	88	3996
Podkarpackie	male	89	1348
Podkarpackie	female	89	3394
Podkarpackie	male	90	1138
Podkarpackie	female	90	3052
Podkarpackie	male	91	831
Podkarpackie	female	91	2391
Podkarpackie	male	92	717
Podkarpackie	female	92	1907
Podkarpackie	male	93	572
Podkarpackie	female	93	1606
Podkarpackie	male	94	394
Podkarpackie	female	94	1236
Podkarpackie	male	95	289
Podkarpackie	female	95	919
Podkarpackie	male	96	179
Podkarpackie	female	96	611
Podkarpackie	male	97	126
Podkarpackie	female	97	472
Podkarpackie	male	98	76
Podkarpackie	female	98	330
Podkarpackie	male	99	50
Podkarpackie	female	99	195
Podlaskie	male	0	3721
Podlaskie	female	0	3472
Podlaskie	male	1	3934
Podlaskie	female	1	3534
Podlaskie	male	2	4227
Podlaskie	female	2	4010
Podlaskie	male	3	4617
Podlaskie	female	3	4497
Podlaskie	male	4	5220
Podlaskie	female	4	4994
Podlaskie	male	5	5449
Podlaskie	female	5	5130
Podlaskie	male	6	5909
Podlaskie	female	6	5570
Podlaskie	male	7	6211
Podlaskie	female	7	5963
Podlaskie	male	8	6394
Podlaskie	female	8	6167
Podlaskie	male	9	6226
Podlaskie	female	9	5903
Podlaskie	male	10	5988
Podlaskie	female	10	5704
Podlaskie	male	11	6138
Podlaskie	female	11	5585
Podlaskie	male	12	5712
Podlaskie	female	12	5517
Podlaskie	male	13	6226
Podlaskie	female	13	5742
Podlaskie	male	14	6075
Podlaskie	female	14	5828
Podlaskie	male	15	6458
Podlaskie	female	15	6161
Podlaskie	male	16	6528
Podlaskie	female	16	6322
Podlaskie	male	17	6462
Podlaskie	female	17	6014
Podlaskie	male	18	6027
Podlaskie	female	18	5712
Podlaskie	male	19	5823
Podlaskie	female	19	5428
Podlaskie	male	20	5458
Podlaskie	female	20	5418
Podlaskie	male	21	5395
Podlaskie	female	21	5132
Podlaskie	male	22	5381
Podlaskie	female	22	5180
Podlaskie	male	23	5661
Podlaskie	female	23	5380
Podlaskie	male	24	5694
Podlaskie	female	24	5470
Podlaskie	male	25	5731
Podlaskie	female	25	5540
Podlaskie	male	26	5829
Podlaskie	female	26	5537
Podlaskie	male	27	6018
Podlaskie	female	27	5622
Podlaskie	male	28	6558
Podlaskie	female	28	5726
Podlaskie	male	29	6505
Podlaskie	female	29	6127
Podlaskie	male	30	6639
Podlaskie	female	30	6006
Podlaskie	male	31	7062
Podlaskie	female	31	6328
Podlaskie	male	32	7445
Podlaskie	female	32	6589
Podlaskie	male	33	7551
Podlaskie	female	33	6852
Podlaskie	male	34	8123
Podlaskie	female	34	7430
Podlaskie	male	35	8415
Podlaskie	female	35	7495
Podlaskie	male	36	8285
Podlaskie	female	36	7731
Podlaskie	male	37	8600
Podlaskie	female	37	8053
Podlaskie	male	38	8626
Podlaskie	female	38	8198
Podlaskie	male	39	9188
Podlaskie	female	39	8674
Podlaskie	male	40	9548
Podlaskie	female	40	8930
Podlaskie	male	41	9747
Podlaskie	female	41	9048
Podlaskie	male	42	10039
Podlaskie	female	42	9290
Podlaskie	male	43	9444
Podlaskie	female	43	9010
Podlaskie	male	44	8951
Podlaskie	female	44	8702
Podlaskie	male	45	8830
Podlaskie	female	45	8540
Podlaskie	male	46	8883
Podlaskie	female	46	8667
Podlaskie	male	47	8451
Podlaskie	female	47	8465
Podlaskie	male	48	8304
Podlaskie	female	48	8129
Podlaskie	male	49	8506
Podlaskie	female	49	8359
Podlaskie	male	50	8079
Podlaskie	female	50	8167
Podlaskie	male	51	7825
Podlaskie	female	51	7932
Podlaskie	male	52	7789
Podlaskie	female	52	7847
Podlaskie	male	53	7607
Podlaskie	female	53	7596
Podlaskie	male	54	7334
Podlaskie	female	54	7585
Podlaskie	male	55	7145
Podlaskie	female	55	7373
Podlaskie	male	56	6990
Podlaskie	female	56	7276
Podlaskie	male	57	6891
Podlaskie	female	57	7305
Podlaskie	male	58	6991
Podlaskie	female	58	7299
Podlaskie	male	59	6974
Podlaskie	female	59	7293
Podlaskie	male	60	6917
Podlaskie	female	60	7213
Podlaskie	male	61	7066
Podlaskie	female	61	7624
Podlaskie	male	62	7041
Podlaskie	female	62	7730
Podlaskie	male	63	7077
Podlaskie	female	63	7668
Podlaskie	male	64	6931
Podlaskie	female	64	7895
Podlaskie	male	65	7276
Podlaskie	female	65	8257
Podlaskie	male	66	7314
Podlaskie	female	66	8462
Podlaskie	male	67	7278
Podlaskie	female	67	8401
Podlaskie	male	68	7211
Podlaskie	female	68	8436
Podlaskie	male	69	6597
Podlaskie	female	69	7946
Podlaskie	male	70	6256
Podlaskie	female	70	7951
Podlaskie	male	71	5870
Podlaskie	female	71	7122
Podlaskie	male	72	5306
Podlaskie	female	72	6964
Podlaskie	male	73	4935
Podlaskie	female	73	6757
Podlaskie	male	74	4573
Podlaskie	female	74	6519
Podlaskie	male	75	4208
Podlaskie	female	75	6135
Podlaskie	male	76	3811
Podlaskie	female	76	5993
Podlaskie	male	77	3756
Podlaskie	female	77	5679
Podlaskie	male	78	2951
Podlaskie	female	78	4938
Podlaskie	male	79	2472
Podlaskie	female	79	4236
Podlaskie	male	80	2055
Podlaskie	female	80	3635
Podlaskie	male	81	1830
Podlaskie	female	81	3385
Podlaskie	male	82	1764
Podlaskie	female	82	3412
Podlaskie	male	83	1745
Podlaskie	female	83	3328
Podlaskie	male	84	1545
Podlaskie	female	84	3134
Podlaskie	male	85	1402
Podlaskie	female	85	3036
Podlaskie	male	86	1214
Podlaskie	female	86	2897
Podlaskie	male	87	1107
Podlaskie	female	87	2700
Podlaskie	male	88	966
Podlaskie	female	88	2402
Podlaskie	male	89	824
Podlaskie	female	89	2165
Podlaskie	male	90	681
Podlaskie	female	90	1798
Podlaskie	male	91	529
Podlaskie	female	91	1457
Podlaskie	male	92	373
Podlaskie	female	92	1237
Podlaskie	male	93	322
Podlaskie	female	93	977
Podlaskie	male	94	263
Podlaskie	female	94	835
Podlaskie	male	95	183
Podlaskie	female	95	638
Podlaskie	male	96	130
Podlaskie	female	96	457
Podlaskie	male	97	81
Podlaskie	female	97	313
Podlaskie	male	98	51
Podlaskie	female	98	224
Podlaskie	male	99	35
Podlaskie	female	99	117
Pomorskie	male	0	8450
Pomorskie	female	0	7968
Pomorskie	male	1	9005
Pomorskie	female	1	8603
Pomorskie	male	2	9830
Pomorskie	female	2	9443
Pomorskie	male	3	10779
Pomorskie	female	3	10387
Pomorskie	male	4	12181
Pomorskie	female	4	11627
Pomorskie	male	5	12378
Pomorskie	female	5	11754
Pomorskie	male	6	13493
Pomorskie	female	6	12686
Pomorskie	male	7	13946
Pomorskie	female	7	13111
Pomorskie	male	8	14668
Pomorskie	female	8	13853
Pomorskie	male	9	14038
Pomorskie	female	9	13254
Pomorskie	male	10	13334
Pomorskie	female	10	12752
Pomorskie	male	11	13486
Pomorskie	female	11	12899
Pomorskie	male	12	13187
Pomorskie	female	12	12298
Pomorskie	male	13	13703
Pomorskie	female	13	12949
Pomorskie	male	14	13658
Pomorskie	female	14	12849
Pomorskie	male	15	14527
Pomorskie	female	15	13601
Pomorskie	male	16	14709
Pomorskie	female	16	13952
Pomorskie	male	17	14642
Pomorskie	female	17	13778
Pomorskie	male	18	13451
Pomorskie	female	18	12978
Pomorskie	male	19	12728
Pomorskie	female	19	12143
Pomorskie	male	20	12131
Pomorskie	female	20	11616
Pomorskie	male	21	11622
Pomorskie	female	21	11063
Pomorskie	male	22	11313
Pomorskie	female	22	10875
Pomorskie	male	23	11182
Pomorskie	female	23	10926
Pomorskie	male	24	11771
Pomorskie	female	24	11713
Pomorskie	male	25	11918
Pomorskie	female	25	11848
Pomorskie	male	26	12154
Pomorskie	female	26	12326
Pomorskie	male	27	12592
Pomorskie	female	27	12748
Pomorskie	male	28	13389
Pomorskie	female	28	13753
Pomorskie	male	29	14015
Pomorskie	female	29	14219
Pomorskie	male	30	14640
Pomorskie	female	30	14892
Pomorskie	male	31	15526
Pomorskie	female	31	15856
Pomorskie	male	32	16325
Pomorskie	female	32	16499
Pomorskie	male	33	17081
Pomorskie	female	33	16898
Pomorskie	male	34	18182
Pomorskie	female	34	17981
Pomorskie	male	35	18405
Pomorskie	female	35	18444
Pomorskie	male	36	18352
Pomorskie	female	36	17895
Pomorskie	male	37	18468
Pomorskie	female	37	18476
Pomorskie	male	38	18654
Pomorskie	female	38	18398
Pomorskie	male	39	19098
Pomorskie	female	39	18711
Pomorskie	male	40	20075
Pomorskie	female	40	20366
Pomorskie	male	41	20783
Pomorskie	female	41	20675
Pomorskie	male	42	20945
Pomorskie	female	42	20672
Pomorskie	male	43	19936
Pomorskie	female	43	19934
Pomorskie	male	44	19152
Pomorskie	female	44	19080
Pomorskie	male	45	19259
Pomorskie	female	45	19131
Pomorskie	male	46	19208
Pomorskie	female	46	19042
Pomorskie	male	47	18555
Pomorskie	female	47	18333
Pomorskie	male	48	18594
Pomorskie	female	48	18398
Pomorskie	male	49	18257
Pomorskie	female	49	18605
Pomorskie	male	50	17586
Pomorskie	female	50	17694
Pomorskie	male	51	16995
Pomorskie	female	51	16773
Pomorskie	male	52	16022
Pomorskie	female	52	16244
Pomorskie	male	53	15360
Pomorskie	female	53	15526
Pomorskie	male	54	14441
Pomorskie	female	54	14855
Pomorskie	male	55	13870
Pomorskie	female	55	13941
Pomorskie	male	56	13196
Pomorskie	female	56	13292
Pomorskie	male	57	13018
Pomorskie	female	57	12803
Pomorskie	male	58	12460
Pomorskie	female	58	13108
Pomorskie	male	59	12340
Pomorskie	female	59	12707
Pomorskie	male	60	12172
Pomorskie	female	60	12990
Pomorskie	male	61	12300
Pomorskie	female	61	13184
Pomorskie	male	62	12441
Pomorskie	female	62	13482
Pomorskie	male	63	12162
Pomorskie	female	63	13340
Pomorskie	male	64	12609
Pomorskie	female	64	13820
Pomorskie	male	65	12568
Pomorskie	female	65	14464
Pomorskie	male	66	13200
Pomorskie	female	66	15261
Pomorskie	male	67	13209
Pomorskie	female	67	15692
Pomorskie	male	68	13091
Pomorskie	female	68	16075
Pomorskie	male	69	12846
Pomorskie	female	69	15757
Pomorskie	male	70	12651
Pomorskie	female	70	16048
Pomorskie	male	71	11708
Pomorskie	female	71	15299
Pomorskie	male	72	11084
Pomorskie	female	72	14722
Pomorskie	male	73	10602
Pomorskie	female	73	14304
Pomorskie	male	74	10252
Pomorskie	female	74	13896
Pomorskie	male	75	9568
Pomorskie	female	75	13165
Pomorskie	male	76	8846
Pomorskie	female	76	12383
Pomorskie	male	77	7939
Pomorskie	female	77	11547
Pomorskie	male	78	7023
Pomorskie	female	78	10558
Pomorskie	male	79	5642
Pomorskie	female	79	8800
Pomorskie	male	80	3388
Pomorskie	female	80	5346
Pomorskie	male	81	3264
Pomorskie	female	81	5367
Pomorskie	male	82	3232
Pomorskie	female	82	5379
Pomorskie	male	83	2903
Pomorskie	female	83	5227
Pomorskie	male	84	2700
Pomorskie	female	84	4965
Pomorskie	male	85	2301
Pomorskie	female	85	4802
Pomorskie	male	86	2145
Pomorskie	female	86	4563
Pomorskie	male	87	1899
Pomorskie	female	87	4224
Pomorskie	male	88	1561
Pomorskie	female	88	3697
Pomorskie	male	89	1383
Pomorskie	female	89	3393
Pomorskie	male	90	1116
Pomorskie	female	90	2891
Pomorskie	male	91	928
Pomorskie	female	91	2395
Pomorskie	male	92	690
Pomorskie	female	92	1892
Pomorskie	male	93	561
Pomorskie	female	93	1479
Pomorskie	male	94	423
Pomorskie	female	94	1173
Pomorskie	male	95	299
Pomorskie	female	95	954
Pomorskie	male	96	211
Pomorskie	female	96	630
Pomorskie	male	97	151
Pomorskie	female	97	488
Pomorskie	male	98	83
Pomorskie	female	98	300
Pomorskie	male	99	71
Pomorskie	female	99	227
Śląskie	male	0	11978
Śląskie	female	0	11498
Śląskie	male	1	12936
Śląskie	female	1	12290
Śląskie	male	2	14133
Śląskie	female	2	13517
Śląskie	male	3	16123
Śląskie	female	3	15369
Śląskie	male	4	18002
Śląskie	female	4	16979
Śląskie	male	5	19142
Śląskie	female	5	18254
Śląskie	male	6	20489
Śląskie	female	6	19522
Śląskie	male	7	21972
Śląskie	female	7	20723
Śląskie	male	8	23232
Śląskie	female	8	22055
Śląskie	male	9	22299
Śląskie	female	9	20877
Śląskie	male	10	22051
Śląskie	female	10	20873
Śląskie	male	11	21999
Śląskie	female	11	21209
Śląskie	male	12	21988
Śląskie	female	12	21039
Śląskie	male	13	23100
Śląskie	female	13	21922
Śląskie	male	14	23405
Śląskie	female	14	21628
Śląskie	male	15	24243
Śląskie	female	15	23382
Śląskie	male	16	24313
Śląskie	female	16	23272
Śląskie	male	17	23735
Śląskie	female	17	22883
Śląskie	male	18	22010
Śląskie	female	18	21034
Śląskie	male	19	20743
Śląskie	female	19	20006
Śląskie	male	20	19702
Śląskie	female	20	19025
Śląskie	male	21	19223
Śląskie	female	21	18427
Śląskie	male	22	18650
Śląskie	female	22	18064
Śląskie	male	23	18848
Śląskie	female	23	17959
Śląskie	male	24	19138
Śląskie	female	24	18737
Śląskie	male	25	19688
Śląskie	female	25	19151
Śląskie	male	26	19771
Śląskie	female	26	19116
Śląskie	male	27	20329
Śląskie	female	27	19564
Śląskie	male	28	21115
Śląskie	female	28	20314
Śląskie	male	29	22108
Śląskie	female	29	21066
Śląskie	male	30	22546
Śląskie	female	30	21783
Śląskie	male	31	24420
Śląskie	female	31	23542
Śląskie	male	32	25131
Śląskie	female	32	24513
Śląskie	male	33	26613
Śląskie	female	33	25451
Śląskie	male	34	28345
Śląskie	female	34	27467
Śląskie	male	35	29343
Śląskie	female	35	28576
Śląskie	male	36	30608
Śląskie	female	36	29370
Śląskie	male	37	31057
Śląskie	female	37	30472
Śląskie	male	38	31844
Śląskie	female	38	31478
Śląskie	male	39	33730
Śląskie	female	39	32826
Śląskie	male	40	35631
Śląskie	female	40	35284
Śląskie	male	41	37508
Śląskie	female	41	35954
Śląskie	male	42	38367
Śląskie	female	42	37632
Śląskie	male	43	37657
Śląskie	female	43	36393
Śląskie	male	44	36220
Śląskie	female	44	35413
Śląskie	male	45	36615
Śląskie	female	45	36465
Śląskie	male	46	36423
Śląskie	female	46	36063
Śląskie	male	47	35269
Śląskie	female	47	34851
Śląskie	male	48	34815
Śląskie	female	48	34754
Śląskie	male	49	34245
Śląskie	female	49	34372
Śląskie	male	50	32987
Śląskie	female	50	33175
Śląskie	male	51	32007
Śląskie	female	51	31866
Śląskie	male	52	30392
Śląskie	female	52	30562
Śląskie	male	53	29042
Śląskie	female	53	29531
Śląskie	male	54	27369
Śląskie	female	54	28593
Śląskie	male	55	27030
Śląskie	female	55	28456
Śląskie	male	56	25798
Śląskie	female	56	27084
Śląskie	male	57	25591
Śląskie	female	57	26713
Śląskie	male	58	25243
Śląskie	female	58	26668
Śląskie	male	59	25059
Śląskie	female	59	27093
Śląskie	male	60	25034
Śląskie	female	60	27776
Śląskie	male	61	25725
Śląskie	female	61	27930
Śląskie	male	62	25449
Śląskie	female	62	28122
Śląskie	male	63	25542
Śląskie	female	63	28576
Śląskie	male	64	25368
Śląskie	female	64	29089
Śląskie	male	65	26590
Śląskie	female	65	31417
Śląskie	male	66	27359
Śląskie	female	66	33043
Śląskie	male	67	27362
Śląskie	female	67	34183
Śląskie	male	68	26725
Śląskie	female	68	33546
Śląskie	male	69	25775
Śląskie	female	69	32791
Śląskie	male	70	25057
Śląskie	female	70	32706
Śląskie	male	71	23138
Śląskie	female	71	31534
Śląskie	male	72	22241
Śląskie	female	72	30902
Śląskie	male	73	21338
Śląskie	female	73	29873
Śląskie	male	74	19957
Śląskie	female	74	29443
Śląskie	male	75	18651
Śląskie	female	75	27299
Śląskie	male	76	16579
Śląskie	female	76	24833
Śląskie	male	77	14866
Śląskie	female	77	22845
Śląskie	male	78	13403
Śląskie	female	78	20951
Śląskie	male	79	10679
Śląskie	female	79	17553
Śląskie	male	80	7766
Śląskie	female	80	13364
Śląskie	male	81	7844
Śląskie	female	81	14085
Śląskie	male	82	7210
Śląskie	female	82	13215
Śląskie	male	83	6626
Śląskie	female	83	12842
Śląskie	male	84	6545
Śląskie	female	84	12957
Śląskie	male	85	6055
Śląskie	female	85	12118
Śląskie	male	86	5226
Śląskie	female	86	10593
Śląskie	male	87	4304
Śląskie	female	87	9193
Śląskie	male	88	3537
Śląskie	female	88	8156
Śląskie	male	89	2906
Śląskie	female	89	6974
Śląskie	male	90	2294
Śląskie	female	90	5561
Śląskie	male	91	1752
Śląskie	female	91	4509
Śląskie	male	92	1357
Śląskie	female	92	3507
Śląskie	male	93	1078
Śląskie	female	93	3016
Śląskie	male	94	798
Śląskie	female	94	2274
Śląskie	male	95	585
Śląskie	female	95	1697
Śląskie	male	96	421
Śląskie	female	96	1062
Śląskie	male	97	276
Śląskie	female	97	818
Śląskie	male	98	157
Śląskie	female	98	512
Śląskie	male	99	132
Śląskie	female	99	338
Świętokrzyskie	male	0	2983
Świętokrzyskie	female	0	2974
Świętokrzyskie	male	1	3344
Świętokrzyskie	female	1	3098
Świętokrzyskie	male	2	3625
Świętokrzyskie	female	2	3545
Świętokrzyskie	male	3	4072
Świętokrzyskie	female	3	4013
Świętokrzyskie	male	4	4480
Świętokrzyskie	female	4	4262
Świętokrzyskie	male	5	4923
Świętokrzyskie	female	5	4584
Świętokrzyskie	male	6	5337
Świętokrzyskie	female	6	5018
Świętokrzyskie	male	7	5605
Świętokrzyskie	female	7	5244
Świętokrzyskie	male	8	5736
Świętokrzyskie	female	8	5530
Świętokrzyskie	male	9	5640
Świętokrzyskie	female	9	5336
Świętokrzyskie	male	10	5554
Świętokrzyskie	female	10	5421
Świętokrzyskie	male	11	5528
Świętokrzyskie	female	11	5423
Świętokrzyskie	male	12	5688
Świętokrzyskie	female	12	5246
Świętokrzyskie	male	13	6175
Świętokrzyskie	female	13	5599
Świętokrzyskie	male	14	6147
Świętokrzyskie	female	14	5727
Świętokrzyskie	male	15	6529
Świętokrzyskie	female	15	6108
Świętokrzyskie	male	16	6634
Świętokrzyskie	female	16	6286
Świętokrzyskie	male	17	6571
Świętokrzyskie	female	17	6247
Świętokrzyskie	male	18	6124
Świętokrzyskie	female	18	5837
Świętokrzyskie	male	19	5621
Świętokrzyskie	female	19	5351
Świętokrzyskie	male	20	5582
Świętokrzyskie	female	20	5390
Świętokrzyskie	male	21	5414
Świętokrzyskie	female	21	5269
Świętokrzyskie	male	22	5507
Świętokrzyskie	female	22	5382
Świętokrzyskie	male	23	5653
Świętokrzyskie	female	23	5415
Świętokrzyskie	male	24	5917
Świętokrzyskie	female	24	5436
Świętokrzyskie	male	25	5763
Świętokrzyskie	female	25	5468
Świętokrzyskie	male	26	5844
Świętokrzyskie	female	26	5407
Świętokrzyskie	male	27	6083
Świętokrzyskie	female	27	5426
Świętokrzyskie	male	28	6024
Świętokrzyskie	female	28	5634
Świętokrzyskie	male	29	6235
Świętokrzyskie	female	29	5573
Świętokrzyskie	male	30	6243
Świętokrzyskie	female	30	5573
Świętokrzyskie	male	31	6626
Świętokrzyskie	female	31	5826
Świętokrzyskie	male	32	6749
Świętokrzyskie	female	32	6100
Świętokrzyskie	male	33	7118
Świętokrzyskie	female	33	6443
Świętokrzyskie	male	34	7520
Świętokrzyskie	female	34	6669
Świętokrzyskie	male	35	7668
Świętokrzyskie	female	35	6879
Świętokrzyskie	male	36	7934
Świętokrzyskie	female	36	7136
Świętokrzyskie	male	37	7974
Świętokrzyskie	female	37	7548
Świętokrzyskie	male	38	8226
Świętokrzyskie	female	38	7519
Świętokrzyskie	male	39	8585
Świętokrzyskie	female	39	8197
Świętokrzyskie	male	40	9285
Świętokrzyskie	female	40	8847
Świętokrzyskie	male	41	9649
Świętokrzyskie	female	41	9243
Świętokrzyskie	male	42	10005
Świętokrzyskie	female	42	9543
Świętokrzyskie	male	43	9801
Świętokrzyskie	female	43	9366
Świętokrzyskie	male	44	9332
Świętokrzyskie	female	44	8887
Świętokrzyskie	male	45	9546
Świętokrzyskie	female	45	9207
Świętokrzyskie	male	46	9410
Świętokrzyskie	female	46	9231
Świętokrzyskie	male	47	9403
Świętokrzyskie	female	47	8896
Świętokrzyskie	male	48	9333
Świętokrzyskie	female	48	8880
Świętokrzyskie	male	49	9191
Świętokrzyskie	female	49	8954
Świętokrzyskie	male	50	8981
Świętokrzyskie	female	50	8595
Świętokrzyskie	male	51	8562
Świętokrzyskie	female	51	8347
Świętokrzyskie	male	52	8283
Świętokrzyskie	female	52	8105
Świętokrzyskie	male	53	7818
Świętokrzyskie	female	53	7998
Świętokrzyskie	male	54	7603
Świętokrzyskie	female	54	7746
Świętokrzyskie	male	55	7326
Świętokrzyskie	female	55	7485
Świętokrzyskie	male	56	7065
Świętokrzyskie	female	56	7262
Świętokrzyskie	male	57	6842
Świętokrzyskie	female	57	7104
Świętokrzyskie	male	58	6664
Świętokrzyskie	female	58	7111
Świętokrzyskie	male	59	6729
Świętokrzyskie	female	59	7081
Świętokrzyskie	male	60	6894
Świętokrzyskie	female	60	7147
Świętokrzyskie	male	61	6963
Świętokrzyskie	female	61	7424
Świętokrzyskie	male	62	6931
Świętokrzyskie	female	62	7524
Świętokrzyskie	male	63	6817
Świętokrzyskie	female	63	7805
Świętokrzyskie	male	64	7315
Świętokrzyskie	female	64	8077
Świętokrzyskie	male	65	7494
Świętokrzyskie	female	65	8584
Świętokrzyskie	male	66	7892
Świętokrzyskie	female	66	9052
Świętokrzyskie	male	67	7931
Świętokrzyskie	female	67	9155
Świętokrzyskie	male	68	7882
Świętokrzyskie	female	68	9130
Świętokrzyskie	male	69	7574
Świętokrzyskie	female	69	9238
Świętokrzyskie	male	70	7490
Świętokrzyskie	female	70	9205
Świętokrzyskie	male	71	6938
Świętokrzyskie	female	71	8719
Świętokrzyskie	male	72	6781
Świętokrzyskie	female	72	8595
Świętokrzyskie	male	73	6243
Świętokrzyskie	female	73	8331
Świętokrzyskie	male	74	5805
Świętokrzyskie	female	74	8271
Świętokrzyskie	male	75	5419
Świętokrzyskie	female	75	7708
Świętokrzyskie	male	76	4774
Świętokrzyskie	female	76	6977
Świętokrzyskie	male	77	4594
Świętokrzyskie	female	77	6670
Świętokrzyskie	male	78	4222
Świętokrzyskie	female	78	6385
Świętokrzyskie	male	79	3449
Świętokrzyskie	female	79	5387
Świętokrzyskie	male	80	2436
Świętokrzyskie	female	80	4040
Świętokrzyskie	male	81	2188
Świętokrzyskie	female	81	3870
Świętokrzyskie	male	82	1836
Świętokrzyskie	female	82	3363
Świętokrzyskie	male	83	1506
Świętokrzyskie	female	83	2921
Świętokrzyskie	male	84	1504
Świętokrzyskie	female	84	3037
Świętokrzyskie	male	85	1507
Świętokrzyskie	female	85	3230
Świętokrzyskie	male	86	1257
Świętokrzyskie	female	86	3127
Świętokrzyskie	male	87	1124
Świętokrzyskie	female	87	2721
Świętokrzyskie	male	88	1013
Świętokrzyskie	female	88	2470
Świętokrzyskie	male	89	849
Świętokrzyskie	female	89	2292
Świętokrzyskie	male	90	662
Świętokrzyskie	female	90	1934
Świętokrzyskie	male	91	556
Świętokrzyskie	female	91	1628
Świętokrzyskie	male	92	457
Świętokrzyskie	female	92	1228
Świętokrzyskie	male	93	326
Świętokrzyskie	female	93	952
Świętokrzyskie	male	94	278
Świętokrzyskie	female	94	832
Świętokrzyskie	male	95	162
Świętokrzyskie	female	95	640
Świętokrzyskie	male	96	132
Świętokrzyskie	female	96	413
Świętokrzyskie	male	97	99
Świętokrzyskie	female	97	296
Świętokrzyskie	male	98	35
Świętokrzyskie	female	98	209
Świętokrzyskie	male	99	35
Świętokrzyskie	female	99	129
Warmińsko-mazurskie	male	0	3663
Warmińsko-mazurskie	female	0	3565
Warmińsko-mazurskie	male	1	4132
Warmińsko-mazurskie	female	1	3889
Warmińsko-mazurskie	male	2	4288
Warmińsko-mazurskie	female	2	4106
Warmińsko-mazurskie	male	3	5009
Warmińsko-mazurskie	female	3	4817
Warmińsko-mazurskie	male	4	5463
Warmińsko-mazurskie	female	4	5149
Warmińsko-mazurskie	male	5	6212
Warmińsko-mazurskie	female	5	5823
Warmińsko-mazurskie	male	6	6675
Warmińsko-mazurskie	female	6	6407
Warmińsko-mazurskie	male	7	7106
Warmińsko-mazurskie	female	7	6754
Warmińsko-mazurskie	male	8	7539
Warmińsko-mazurskie	female	8	7293
Warmińsko-mazurskie	male	9	7107
Warmińsko-mazurskie	female	9	6832
Warmińsko-mazurskie	male	10	7051
Warmińsko-mazurskie	female	10	6596
Warmińsko-mazurskie	male	11	7318
Warmińsko-mazurskie	female	11	6840
Warmińsko-mazurskie	male	12	7131
Warmińsko-mazurskie	female	12	6680
Warmińsko-mazurskie	male	13	7554
Warmińsko-mazurskie	female	13	7091
Warmińsko-mazurskie	male	14	7721
Warmińsko-mazurskie	female	14	7206
Warmińsko-mazurskie	male	15	7939
Warmińsko-mazurskie	female	15	7576
Warmińsko-mazurskie	male	16	8452
Warmińsko-mazurskie	female	16	7897
Warmińsko-mazurskie	male	17	8297
Warmińsko-mazurskie	female	17	7705
Warmińsko-mazurskie	male	18	7762
Warmińsko-mazurskie	female	18	7330
Warmińsko-mazurskie	male	19	7235
Warmińsko-mazurskie	female	19	7025
Warmińsko-mazurskie	male	20	7060
Warmińsko-mazurskie	female	20	6712
Warmińsko-mazurskie	male	21	6834
Warmińsko-mazurskie	female	21	6520
Warmińsko-mazurskie	male	22	6706
Warmińsko-mazurskie	female	22	6519
Warmińsko-mazurskie	male	23	7147
Warmińsko-mazurskie	female	23	6468
Warmińsko-mazurskie	male	24	7130
Warmińsko-mazurskie	female	24	6546
Warmińsko-mazurskie	male	25	6826
Warmińsko-mazurskie	female	25	6621
Warmińsko-mazurskie	male	26	6997
Warmińsko-mazurskie	female	26	6505
Warmińsko-mazurskie	male	27	6975
Warmińsko-mazurskie	female	27	6469
Warmińsko-mazurskie	male	28	7306
Warmińsko-mazurskie	female	28	6671
Warmińsko-mazurskie	male	29	7411
Warmińsko-mazurskie	female	29	6881
Warmińsko-mazurskie	male	30	7548
Warmińsko-mazurskie	female	30	6876
Warmińsko-mazurskie	male	31	7792
Warmińsko-mazurskie	female	31	7205
Warmińsko-mazurskie	male	32	8413
Warmińsko-mazurskie	female	32	7564
Warmińsko-mazurskie	male	33	8496
Warmińsko-mazurskie	female	33	7867
Warmińsko-mazurskie	male	34	9181
Warmińsko-mazurskie	female	34	8224
Warmińsko-mazurskie	male	35	9443
Warmińsko-mazurskie	female	35	8729
Warmińsko-mazurskie	male	36	9532
Warmińsko-mazurskie	female	36	8903
Warmińsko-mazurskie	male	37	9976
Warmińsko-mazurskie	female	37	9506
Warmińsko-mazurskie	male	38	10150
Warmińsko-mazurskie	female	38	9486
Warmińsko-mazurskie	male	39	10645
Warmińsko-mazurskie	female	39	10224
Warmińsko-mazurskie	male	40	11396
Warmińsko-mazurskie	female	40	10760
Warmińsko-mazurskie	male	41	11723
Warmińsko-mazurskie	female	41	11279
Warmińsko-mazurskie	male	42	12489
Warmińsko-mazurskie	female	42	11638
Warmińsko-mazurskie	male	43	11869
Warmińsko-mazurskie	female	43	11565
Warmińsko-mazurskie	male	44	11242
Warmińsko-mazurskie	female	44	10753
Warmińsko-mazurskie	male	45	11176
Warmińsko-mazurskie	female	45	11186
Warmińsko-mazurskie	male	46	11347
Warmińsko-mazurskie	female	46	10903
Warmińsko-mazurskie	male	47	10778
Warmińsko-mazurskie	female	47	10545
Warmińsko-mazurskie	male	48	10613
Warmińsko-mazurskie	female	48	10371
Warmińsko-mazurskie	male	49	11019
Warmińsko-mazurskie	female	49	10290
Warmińsko-mazurskie	male	50	10154
Warmińsko-mazurskie	female	50	10172
Warmińsko-mazurskie	male	51	10090
Warmińsko-mazurskie	female	51	9759
Warmińsko-mazurskie	male	52	9463
Warmińsko-mazurskie	female	52	9446
Warmińsko-mazurskie	male	53	9117
Warmińsko-mazurskie	female	53	9123
Warmińsko-mazurskie	male	54	8612
Warmińsko-mazurskie	female	54	8673
Warmińsko-mazurskie	male	55	8351
Warmińsko-mazurskie	female	55	8558
Warmińsko-mazurskie	male	56	7882
Warmińsko-mazurskie	female	56	8288
Warmińsko-mazurskie	male	57	7888
Warmińsko-mazurskie	female	57	8172
Warmińsko-mazurskie	male	58	7939
Warmińsko-mazurskie	female	58	8350
Warmińsko-mazurskie	male	59	7918
Warmińsko-mazurskie	female	59	8491
Warmińsko-mazurskie	male	60	7977
Warmińsko-mazurskie	female	60	8359
Warmińsko-mazurskie	male	61	8246
Warmińsko-mazurskie	female	61	8778
Warmińsko-mazurskie	male	62	8352
Warmińsko-mazurskie	female	62	9054
Warmińsko-mazurskie	male	63	8375
Warmińsko-mazurskie	female	63	9182
Warmińsko-mazurskie	male	64	8331
Warmińsko-mazurskie	female	64	9474
Warmińsko-mazurskie	male	65	8764
Warmińsko-mazurskie	female	65	9842
Warmińsko-mazurskie	male	66	9031
Warmińsko-mazurskie	female	66	10486
Warmińsko-mazurskie	male	67	9011
Warmińsko-mazurskie	female	67	10342
Warmińsko-mazurskie	male	68	8703
Warmińsko-mazurskie	female	68	10485
Warmińsko-mazurskie	male	69	8351
Warmińsko-mazurskie	female	69	10356
Warmińsko-mazurskie	male	70	8122
Warmińsko-mazurskie	female	70	10162
Warmińsko-mazurskie	male	71	7252
Warmińsko-mazurskie	female	71	9444
Warmińsko-mazurskie	male	72	6787
Warmińsko-mazurskie	female	72	9101
Warmińsko-mazurskie	male	73	6328
Warmińsko-mazurskie	female	73	8805
Warmińsko-mazurskie	male	74	6023
Warmińsko-mazurskie	female	74	8387
Warmińsko-mazurskie	male	75	5655
Warmińsko-mazurskie	female	75	7949
Warmińsko-mazurskie	male	76	5092
Warmińsko-mazurskie	female	76	7313
Warmińsko-mazurskie	male	77	4470
Warmińsko-mazurskie	female	77	6699
Warmińsko-mazurskie	male	78	3720
Warmińsko-mazurskie	female	78	5990
Warmińsko-mazurskie	male	79	2925
Warmińsko-mazurskie	female	79	4892
Warmińsko-mazurskie	male	80	1895
Warmińsko-mazurskie	female	80	3313
Warmińsko-mazurskie	male	81	1705
Warmińsko-mazurskie	female	81	3197
Warmińsko-mazurskie	male	82	1550
Warmińsko-mazurskie	female	82	3014
Warmińsko-mazurskie	male	83	1549
Warmińsko-mazurskie	female	83	3158
Warmińsko-mazurskie	male	84	1377
Warmińsko-mazurskie	female	84	3090
Warmińsko-mazurskie	male	85	1218
Warmińsko-mazurskie	female	85	2849
Warmińsko-mazurskie	male	86	1117
Warmińsko-mazurskie	female	86	2750
Warmińsko-mazurskie	male	87	941
Warmińsko-mazurskie	female	87	2588
Warmińsko-mazurskie	male	88	876
Warmińsko-mazurskie	female	88	2247
Warmińsko-mazurskie	male	89	670
Warmińsko-mazurskie	female	89	2056
Warmińsko-mazurskie	male	90	559
Warmińsko-mazurskie	female	90	1752
Warmińsko-mazurskie	male	91	436
Warmińsko-mazurskie	female	91	1416
Warmińsko-mazurskie	male	92	347
Warmińsko-mazurskie	female	92	1129
Warmińsko-mazurskie	male	93	270
Warmińsko-mazurskie	female	93	1006
Warmińsko-mazurskie	male	94	204
Warmińsko-mazurskie	female	94	746
Warmińsko-mazurskie	male	95	140
Warmińsko-mazurskie	female	95	550
Warmińsko-mazurskie	male	96	84
Warmińsko-mazurskie	female	96	372
Warmińsko-mazurskie	male	97	68
Warmińsko-mazurskie	female	97	274
Warmińsko-mazurskie	male	98	56
Warmińsko-mazurskie	female	98	179
Warmińsko-mazurskie	male	99	25
Warmińsko-mazurskie	female	99	105
Wielkopolskie	male	0	11919
Wielkopolskie	female	0	11465
Wielkopolskie	male	1	13048
Wielkopolskie	female	1	12252
Wielkopolskie	male	2	14187
Wielkopolskie	female	2	13346
Wielkopolskie	male	3	15618
Wielkopolskie	female	3	14910
Wielkopolskie	male	4	17314
Wielkopolskie	female	4	16518
Wielkopolskie	male	5	18061
Wielkopolskie	female	5	17167
Wielkopolskie	male	6	19304
Wielkopolskie	female	6	18185
Wielkopolskie	male	7	19971
Wielkopolskie	female	7	18998
Wielkopolskie	male	8	21220
Wielkopolskie	female	8	20057
Wielkopolskie	male	9	20195
Wielkopolskie	female	9	19065
Wielkopolskie	male	10	19737
Wielkopolskie	female	10	18586
Wielkopolskie	male	11	19895
Wielkopolskie	female	11	18695
Wielkopolskie	male	12	19328
Wielkopolskie	female	12	18356
Wielkopolskie	male	13	20360
Wielkopolskie	female	13	19071
Wielkopolskie	male	14	20046
Wielkopolskie	female	14	19175
Wielkopolskie	male	15	21357
Wielkopolskie	female	15	20438
Wielkopolskie	male	16	21669
Wielkopolskie	female	16	20123
Wielkopolskie	male	17	21274
Wielkopolskie	female	17	20354
Wielkopolskie	male	18	19875
Wielkopolskie	female	18	18759
Wielkopolskie	male	19	18844
Wielkopolskie	female	19	17498
Wielkopolskie	male	20	18141
Wielkopolskie	female	20	17010
Wielkopolskie	male	21	17120
Wielkopolskie	female	21	16048
Wielkopolskie	male	22	16867
Wielkopolskie	female	22	15968
Wielkopolskie	male	23	16750
Wielkopolskie	female	23	16207
Wielkopolskie	male	24	17615
Wielkopolskie	female	24	16665
Wielkopolskie	male	25	18016
Wielkopolskie	female	25	17337
Wielkopolskie	male	26	18129
Wielkopolskie	female	26	17893
Wielkopolskie	male	27	19201
Wielkopolskie	female	27	18349
Wielkopolskie	male	28	19693
Wielkopolskie	female	28	19285
Wielkopolskie	male	29	20307
Wielkopolskie	female	29	19815
Wielkopolskie	male	30	21044
Wielkopolskie	female	30	20576
Wielkopolskie	male	31	22083
Wielkopolskie	female	31	21884
Wielkopolskie	male	32	23521
Wielkopolskie	female	32	22723
Wielkopolskie	male	33	24101
Wielkopolskie	female	33	23536
Wielkopolskie	male	34	25499
Wielkopolskie	female	34	24747
Wielkopolskie	male	35	25841
Wielkopolskie	female	35	25430
Wielkopolskie	male	36	25895
Wielkopolskie	female	36	25325
Wielkopolskie	male	37	26586
Wielkopolskie	female	37	26035
Wielkopolskie	male	38	27364
Wielkopolskie	female	38	26121
Wielkopolskie	male	39	28012
Wielkopolskie	female	39	27867
Wielkopolskie	male	40	29731
Wielkopolskie	female	40	28887
Wielkopolskie	male	41	30649
Wielkopolskie	female	41	30152
Wielkopolskie	male	42	31135
Wielkopolskie	female	42	30740
Wielkopolskie	male	43	30373
Wielkopolskie	female	43	29626
Wielkopolskie	male	44	28609
Wielkopolskie	female	44	28237
Wielkopolskie	male	45	29245
Wielkopolskie	female	45	29017
Wielkopolskie	male	46	29372
Wielkopolskie	female	46	28526
Wielkopolskie	male	47	27794
Wielkopolskie	female	47	27557
Wielkopolskie	male	48	27831
Wielkopolskie	female	48	27592
Wielkopolskie	male	49	27603
Wielkopolskie	female	49	27369
Wielkopolskie	male	50	26363
Wielkopolskie	female	50	26481
Wielkopolskie	male	51	24994
Wielkopolskie	female	51	25250
Wielkopolskie	male	52	24426
Wielkopolskie	female	52	24296
Wielkopolskie	male	53	23196
Wielkopolskie	female	53	23677
Wielkopolskie	male	54	21987
Wielkopolskie	female	54	22295
Wielkopolskie	male	55	21010
Wielkopolskie	female	55	21122
Wielkopolskie	male	56	19686
Wielkopolskie	female	56	20557
Wielkopolskie	male	57	19039
Wielkopolskie	female	57	20189
Wielkopolskie	male	58	18433
Wielkopolskie	female	58	19359
Wielkopolskie	male	59	18205
Wielkopolskie	female	59	19357
Wielkopolskie	male	60	18237
Wielkopolskie	female	60	19527
Wielkopolskie	male	61	18247
Wielkopolskie	female	61	19984
Wielkopolskie	male	62	18643
Wielkopolskie	female	62	20724
Wielkopolskie	male	63	18143
Wielkopolskie	female	63	20232
Wielkopolskie	male	64	18303
Wielkopolskie	female	64	20942
Wielkopolskie	male	65	18866
Wielkopolskie	female	65	21878
Wielkopolskie	male	66	19767
Wielkopolskie	female	66	23289
Wielkopolskie	male	67	19759
Wielkopolskie	female	67	23848
Wielkopolskie	male	68	19984
Wielkopolskie	female	68	24526
Wielkopolskie	male	69	19207
Wielkopolskie	female	69	23520
Wielkopolskie	male	70	18198
Wielkopolskie	female	70	23552
Wielkopolskie	male	71	17052
Wielkopolskie	female	71	22369
Wielkopolskie	male	72	16471
Wielkopolskie	female	72	22160
Wielkopolskie	male	73	15667
Wielkopolskie	female	73	21301
Wielkopolskie	male	74	14629
Wielkopolskie	female	74	20657
Wielkopolskie	male	75	13581
Wielkopolskie	female	75	19552
Wielkopolskie	male	76	12815
Wielkopolskie	female	76	18983
Wielkopolskie	male	77	12056
Wielkopolskie	female	77	18236
Wielkopolskie	male	78	10670
Wielkopolskie	female	78	16660
Wielkopolskie	male	79	10576
Wielkopolskie	female	79	16974
Wielkopolskie	male	80	5346
Wielkopolskie	female	80	8926
Wielkopolskie	male	81	4321
Wielkopolskie	female	81	7581
Wielkopolskie	male	82	4032
Wielkopolskie	female	82	7559
Wielkopolskie	male	83	3908
Wielkopolskie	female	83	7146
Wielkopolskie	male	84	3527
Wielkopolskie	female	84	6915
Wielkopolskie	male	85	3147
Wielkopolskie	female	85	6882
Wielkopolskie	male	86	2947
Wielkopolskie	female	86	6654
Wielkopolskie	male	87	2558
Wielkopolskie	female	87	5953
Wielkopolskie	male	88	2106
Wielkopolskie	female	88	5301
Wielkopolskie	male	89	1809
Wielkopolskie	female	89	4676
Wielkopolskie	male	90	1431
Wielkopolskie	female	90	3883
Wielkopolskie	male	91	1109
Wielkopolskie	female	91	3139
Wielkopolskie	male	92	920
Wielkopolskie	female	92	2623
Wielkopolskie	male	93	668
Wielkopolskie	female	93	2086
Wielkopolskie	male	94	560
Wielkopolskie	female	94	1610
Wielkopolskie	male	95	355
Wielkopolskie	female	95	1196
Wielkopolskie	male	96	267
Wielkopolskie	female	96	794
Wielkopolskie	male	97	164
Wielkopolskie	female	97	609
Wielkopolskie	male	98	148
Wielkopolskie	female	98	420
Wielkopolskie	male	99	102
Wielkopolskie	female	99	332
Zachodniopomorskie	male	0	4437
Zachodniopomorskie	female	0	4286
Zachodniopomorskie	male	1	4850
Zachodniopomorskie	female	1	4640
Zachodniopomorskie	male	2	5330
Zachodniopomorskie	female	2	5089
Zachodniopomorskie	male	3	5914
Zachodniopomorskie	female	3	5714
Zachodniopomorskie	male	4	6634
Zachodniopomorskie	female	4	6198
Zachodniopomorskie	male	5	6963
Zachodniopomorskie	female	5	6580
Zachodniopomorskie	male	6	7517
Zachodniopomorskie	female	6	7067
Zachodniopomorskie	male	7	7958
Zachodniopomorskie	female	7	7495
Zachodniopomorskie	male	8	8532
Zachodniopomorskie	female	8	8135
Zachodniopomorskie	male	9	8312
Zachodniopomorskie	female	9	7912
Zachodniopomorskie	male	10	8049
Zachodniopomorskie	female	10	7809
Zachodniopomorskie	male	11	8231
Zachodniopomorskie	female	11	7962
Zachodniopomorskie	male	12	8241
Zachodniopomorskie	female	12	7706
Zachodniopomorskie	male	13	8513
Zachodniopomorskie	female	13	8079
Zachodniopomorskie	male	14	8284
Zachodniopomorskie	female	14	8149
Zachodniopomorskie	male	15	9156
Zachodniopomorskie	female	15	8511
Zachodniopomorskie	male	16	9289
Zachodniopomorskie	female	16	8811
Zachodniopomorskie	male	17	9202
Zachodniopomorskie	female	17	9055
Zachodniopomorskie	male	18	8627
Zachodniopomorskie	female	18	8426
Zachodniopomorskie	male	19	8120
Zachodniopomorskie	female	19	7817
Zachodniopomorskie	male	20	7938
Zachodniopomorskie	female	20	7579
Zachodniopomorskie	male	21	7765
Zachodniopomorskie	female	21	7330
Zachodniopomorskie	male	22	7588
Zachodniopomorskie	female	22	7210
Zachodniopomorskie	male	23	7526
Zachodniopomorskie	female	23	7243
Zachodniopomorskie	male	24	7737
Zachodniopomorskie	female	24	7267
Zachodniopomorskie	male	25	7772
Zachodniopomorskie	female	25	7287
Zachodniopomorskie	male	26	7753
Zachodniopomorskie	female	26	7381
Zachodniopomorskie	male	27	7903
Zachodniopomorskie	female	27	7527
Zachodniopomorskie	male	28	8161
Zachodniopomorskie	female	28	7881
Zachodniopomorskie	male	29	8587
Zachodniopomorskie	female	29	8238
Zachodniopomorskie	male	30	9085
Zachodniopomorskie	female	30	8736
Zachodniopomorskie	male	31	9664
Zachodniopomorskie	female	31	9256
Zachodniopomorskie	male	32	10101
Zachodniopomorskie	female	32	9542
Zachodniopomorskie	male	33	10223
Zachodniopomorskie	female	33	9747
Zachodniopomorskie	male	34	10707
Zachodniopomorskie	female	34	10468
Zachodniopomorskie	male	35	11217
Zachodniopomorskie	female	35	10760
Zachodniopomorskie	male	36	11278
Zachodniopomorskie	female	36	10813
Zachodniopomorskie	male	37	11632
Zachodniopomorskie	female	37	11297
Zachodniopomorskie	male	38	12304
Zachodniopomorskie	female	38	11622
Zachodniopomorskie	male	39	12431
Zachodniopomorskie	female	39	12261
Zachodniopomorskie	male	40	13623
Zachodniopomorskie	female	40	13230
Zachodniopomorskie	male	41	14364
Zachodniopomorskie	female	41	13820
Zachodniopomorskie	male	42	14801
Zachodniopomorskie	female	42	14210
Zachodniopomorskie	male	43	14414
Zachodniopomorskie	female	43	14063
Zachodniopomorskie	male	44	13776
Zachodniopomorskie	female	44	13520
Zachodniopomorskie	male	45	14195
Zachodniopomorskie	female	45	13906
Zachodniopomorskie	male	46	14123
Zachodniopomorskie	female	46	13616
Zachodniopomorskie	male	47	13316
Zachodniopomorskie	female	47	13222
Zachodniopomorskie	male	48	13201
Zachodniopomorskie	female	48	13121
Zachodniopomorskie	male	49	13252
Zachodniopomorskie	female	49	13331
Zachodniopomorskie	male	50	13264
Zachodniopomorskie	female	50	13138
Zachodniopomorskie	male	51	12399
Zachodniopomorskie	female	51	12247
Zachodniopomorskie	male	52	11537
Zachodniopomorskie	female	52	11603
Zachodniopomorskie	male	53	11125
Zachodniopomorskie	female	53	11088
Zachodniopomorskie	male	54	10468
Zachodniopomorskie	female	54	10509
Zachodniopomorskie	male	55	10087
Zachodniopomorskie	female	55	10215
Zachodniopomorskie	male	56	9489
Zachodniopomorskie	female	56	9697
Zachodniopomorskie	male	57	9223
Zachodniopomorskie	female	57	9445
Zachodniopomorskie	male	58	9130
Zachodniopomorskie	female	58	9223
Zachodniopomorskie	male	59	8828
Zachodniopomorskie	female	59	9384
Zachodniopomorskie	male	60	9073
Zachodniopomorskie	female	60	9318
Zachodniopomorskie	male	61	9123
Zachodniopomorskie	female	61	9783
Zachodniopomorskie	male	62	9365
Zachodniopomorskie	female	62	10275
Zachodniopomorskie	male	63	9116
Zachodniopomorskie	female	63	10089
Zachodniopomorskie	male	64	9668
Zachodniopomorskie	female	64	10707
Zachodniopomorskie	male	65	10139
Zachodniopomorskie	female	65	11376
Zachodniopomorskie	male	66	10523
Zachodniopomorskie	female	66	12736
Zachodniopomorskie	male	67	10943
Zachodniopomorskie	female	67	13110
Zachodniopomorskie	male	68	10745
Zachodniopomorskie	female	68	13349
Zachodniopomorskie	male	69	10697
Zachodniopomorskie	female	69	13235
Zachodniopomorskie	male	70	10442
Zachodniopomorskie	female	70	12939
Zachodniopomorskie	male	71	9430
Zachodniopomorskie	female	71	12414
Zachodniopomorskie	male	72	9068
Zachodniopomorskie	female	72	12024
Zachodniopomorskie	male	73	8610
Zachodniopomorskie	female	73	11841
Zachodniopomorskie	male	74	8275
Zachodniopomorskie	female	74	11486
Zachodniopomorskie	male	75	7736
Zachodniopomorskie	female	75	10702
Zachodniopomorskie	male	76	7034
Zachodniopomorskie	female	76	10130
Zachodniopomorskie	male	77	6414
Zachodniopomorskie	female	77	9237
Zachodniopomorskie	male	78	5358
Zachodniopomorskie	female	78	8027
Zachodniopomorskie	male	79	4526
Zachodniopomorskie	female	79	6807
Zachodniopomorskie	male	80	2687
Zachodniopomorskie	female	80	4277
Zachodniopomorskie	male	81	2450
Zachodniopomorskie	female	81	4006
Zachodniopomorskie	male	82	2173
Zachodniopomorskie	female	82	3818
Zachodniopomorskie	male	83	1951
Zachodniopomorskie	female	83	3651
Zachodniopomorskie	male	84	1791
Zachodniopomorskie	female	84	3649
Zachodniopomorskie	male	85	1680
Zachodniopomorskie	female	85	3636
Zachodniopomorskie	male	86	1468
Zachodniopomorskie	female	86	3253
Zachodniopomorskie	male	87	1226
Zachodniopomorskie	female	87	3118
Zachodniopomorskie	male	88	1041
Zachodniopomorskie	female	88	2808
Zachodniopomorskie	male	89	927
Zachodniopomorskie	female	89	2659
Zachodniopomorskie	male	90	744
Zachodniopomorskie	female	90	2234
Zachodniopomorskie	male	91	650
Zachodniopomorskie	female	91	1772
Zachodniopomorskie	male	92	457
Zachodniopomorskie	female	92	1415
Zachodniopomorskie	male	93	376
Zachodniopomorskie	female	93	1174
Zachodniopomorskie	male	94	264
Zachodniopomorskie	female	94	872
Zachodniopomorskie	male	95	187
Zachodniopomorskie	female	95	728
Zachodniopomorskie	male	96	123
Zachodniopomorskie	female	96	512
Zachodniopomorskie	male	97	93
Zachodniopomorskie	female	97	342
Zachodniopomorskie	male	98	62
Zachodniopomorskie	female	98	254
Zachodniopomorskie	male	99	42
Zachodniopomorskie	female	99	167
